speech_id,record,speaker,delegation,address,language,paragraphs,words,check,joined
AGO_79_2024,A/79/PV.7,President Lourenço,,"Mr. João Manuel Gonçalves Lourenço, President of the Republic of Angola",spoke in Portuguese; English interpretation provided by the delegation,18,3099,,
ALB_79_2024,A/79/PV.14,Mr. Rama,Albania,,,19,2032,,
AND_79_2024,A/79/PV.13,Mr. Espot Zamora,Andorra,,spoke in Catalan; French text provided by the delegation,25,2524,,
ARE_79_2024,A/79/PV.17,Sheikh Al Nahyan,United Arab Emirates,,spoke in Arabic,25,2066,,politica l -> political
ARG_79_2024,A/79/PV.8,President Milei,,"Mr. Javier Gerardo Milei, President of the Argentine Republic",spoke in Spanish,26,2116,,
ARM_79_2024,A/79/PV.12,Mr. Pashinyan,Armenia,,,13,1517,,
ATG_79_2024,A/79/PV.14,Mr. Browne,Antigua and Barbuda,,,24,2497,,
AUS_79_2024,A/79/PV.14,Ms. Wong,Australia,,,28,3529,,
AUT_79_2024,A/79/PV.12,Mr. Schallenberg,Austria,,,13,1425,,
AZE_79_2024,A/79/PV.16,Mr. Bayramov,Azerbaijan,,,26,2392,,
BDI_79_2024,A/79/PV.17,Mr. Shingiro,Burundi,,spoke in French,26,2651,,
BEL_79_2024,A/79/PV.8,Mr. De Croo,Belgium,,,8,1355,,
BEN_79_2024,A/79/PV.16,Mr. Adjadi Bakari,Benin,,spoke in French,13,1318,,seeki ng -> seeking
BFA_79_2024,A/79/PV.17,Mr. Traoré,Burkina Faso,,spoke in French,32,2730,,questi on -> question; t hem -> them
BGD_79_2024,A/79/PV.13,Mr. Yunus,Bangladesh,,spoke in Bangla; English interpretation provided by the delegation,32,3240,,
BGR_79_2024,A/79/PV.9,President Radev,,"Mr. Rumen Radev, President of the Republic of Bulgaria",,14,1474,,
BHR_79_2024,A/79/PV.8,Crown Prince Al Khalifa,,"His Royal Highness Prince Salman bin Hamad Al Khalifa, Crown Prince and Prime Minister of the Kingdom of Bahrain",,13,1628,,
BHS_79_2024,A/79/PV.13,Mr. Davis,Bahamas,,,20,1973,,
BIH_79_2024,A/79/PV.10,President Bećirović,,"Mr. Denis Bećirović, Chairman of the Presidency of Bosnia and Herzegovina",,16,1301,,
BLR_79_2024,A/79/PV.16,Mr. Ryzhenkov,Belarus,,spoke in Russian,31,2865,,
BLZ_79_2024,A/79/PV.16,Mr. Fonseca,Belize,,,28,1900,,
BOL_79_2024,A/79/PV.10,Ms. Sosa Lunda,Plurinational State of Bolivia,,spoke in Spanish,18,1699,,
BRA_79_2024,A/79/PV.7,President Lula da Silva,,"Mr. Luiz Inácio Lula da Silva, President of the Federative Republic of Brazil",spoke in Portuguese; English interpretation provided by the delegation,21,2247,,
BRB_79_2024,A/79/PV.13,Ms. Mottley,Barbados,,,34,4353,,
BTN_79_2024,A/79/PV.13,Mr. Tobgay,Bhutan,,,14,1102,,
BWA_79_2024,A/79/PV.9,President Masisi,,"Mr. Mokgweetsi Eric Keabetswe Masisi, President of the Republic of Botswana",,22,1541,,
CAF_79_2024,A/79/PV.11,President Touadera,,"Mr. Faustin Archange Touadera, President of the Central African Republic",spoke in French,19,1767,,
CAN_79_2024,A/79/PV.17,Ms. Joly,Canada,,spoke in French,18,2201,,
CHE_79_2024,A/79/PV.7,President Amherd,,"Ms. Viola Amherd, President of the Swiss Confederation",spoke in French,14,1145,,
CHL_79_2024,A/79/PV.8,President Boric Font,,"Mr. Gabriel Boric Font, President of the Republic of Chile",spoke in Spanish,30,2389,,
CHN_79_2024,A/79/PV.15,Mr. Wang Yi,China,,spoke in Chinese,29,2701,,confrontati on -> confrontation
CIV_79_2024,A/79/PV.12,Mr. Koné,Côte d’Ivoire,,spoke in French,11,1069,,
CMR_79_2024,A/79/PV.14,Mr. Mbella Mbella,Cameroon,,spoke in French,24,1696,,
COD_79_2024,A/79/PV.9,President Tshisekedi Tshilombo,,"Mr. Félix-Antoine Tshisekedi Tshilombo, President of the Democratic Republic of the Congo",spoke in French,25,3360,,
COG_79_2024,A/79/PV.17,Mr. Gakosso,Congo,,spoke in French,16,1275,,fore ver -> forever
COL_79_2024,A/79/PV.7,President Petro Urrego,,"Mr. Gustavo Petro Urrego, President of the Republic of Colombia",spoke in Spanish,14,2197,,
COM_79_2024,A/79/PV.12,Mr. Mohamed,Comoros,,spoke in French,15,1718,,
CPV_79_2024,A/79/PV.9,President Neves,,"Mr. José Maria Pereira Neves, President of the Republic of Cabo Verde",spoke in Portuguese; English interpretation provided by the delegation,9,1614,,
CRI_79_2024,A/79/PV.12,Mr. André Tinoco,Costa Rica,,spoke in Spanish,16,1535,,
CUB_79_2024,A/79/PV.15,Mr. Rodríguez Parilla,Cuba,,spoke in Spanish,24,1902,,
CYP_79_2024,A/79/PV.9,President Christodoulides,,"Mr. Nikos Christodoulides, President of the Republic of Cyprus",,19,2532,,
CZE_79_2024,A/79/PV.9,President Pavel,,"Mr. Petr Pavel, President of the Czech Republic",,8,1095,,
DEU_79_2024,A/79/PV.12,Ms. Baerbock,Germany,,,20,2590,,
DJI_79_2024,A/79/PV.17,Mr. Doualeh,Djibouti,,spoke in French,19,1943,,
DMA_79_2024,A/79/PV.10,President Burton,,"Mrs. Sylvanie Burton, President of the Commonwealth of Dominica",,24,2444,,
DNK_79_2024,A/79/PV.16,Mr. Løkke Rasmussen,Denmark,,,16,1658,,
DOM_79_2024,A/79/PV.9,President Abinader Corona,,"Mr. Luis Rodolfo Abinader Corona, President of the Dominican Republic",spoke in Spanish,17,1849,,
DZA_79_2024,A/79/PV.17,Mr. Attaf,Algeria,,spoke in Arabic,15,1622,,
ECU_79_2024,A/79/PV.17,Mr. De La Gasca,Ecuador,,spoke in Spanish,19,1730,,
EGY_79_2024,A/79/PV.15,Mr. Abdelatty,Egypt,,spoke in Arabic,25,2539,,
ERI_79_2024,A/79/PV.17,Mr. Mohammed,Eritrea,,,13,1128,,
ESP_79_2024,A/79/PV.10,President Sánchez Pérez-Castejón,,"Mr. Pedro Sánchez Pérez-Castejón, President of the Government of Spain",spoke in Spanish,30,3228,,
EST_79_2024,A/79/PV.8,President Karis,,"Mr. Alar Karis, President of the Republic of Estonia",,32,2223,,
ETH_79_2024,A/79/PV.14,Mr. Amde,Ethiopia,,spoke in Amharic; interpretation provided by the delegation,20,1549,,
EU_79_2024,A/79/PV.12,Mr. Michel,European Council,,spoke in French,19,2128,,
FIN_79_2024,A/79/PV.10,President Stubb,,"Mr. Alexander Stubb, President of the Republic of Finland",,26,2169,,
FJI_79_2024,A/79/PV.11,President Katonivere,,"Mr. Ratu Wiliame Maivalili Katonivere, President of the Republic of Fiji",,19,1576,,
FRA_79_2024,A/79/PV.9,President Macron,,"Mr. Emmanuel Macron, President of the French Republic",spoke in French,50,3581,,
FSM_79_2024,A/79/PV.12,President Simina,,"Mr. Wesley W. Simina, President and Head of Government of the Federated States of Micronesia",,30,2566,,
GAB_79_2024,A/79/PV.11,President Oligui Nguema,,"Mr. Brice Clotaire Oligui Nguema, President of the Transition, President of the Republic and Head of State of the Gabonese Republic",spoke in French,15,1202,,
GBR_79_2024,A/79/PV.12,Sir Keir Starmer,United Kingdom,,,15,2014,,
GEO_79_2024,A/79/PV.10,Mr. Kobakhidze,Georgia,,,14,1236,,
GHA_79_2024,A/79/PV.9,President Akufo-Addo,,"Mr. Nana Addo Dankwa Akufo-Addo, President of the Republic of Ghana",,15,1834,,
GIN_79_2024,A/79/PV.15,Mr. Bah,Guinea,,spoke in French,18,1781,,determinati on -> determination
GMB_79_2024,A/79/PV.11,President Barrow,,"Mr. Adama Barrow, President of the Republic of the Gambia",,23,1767,,
GNB_79_2024,A/79/PV.9,President Embaló,,"Mr. Úmaro Sissoco Embaló, President of the Republic of Guinea-Bissau",spoke in Portuguese; English interpretation provided by the delegation,7,865,,
GNQ_79_2024,A/79/PV.11,Mr. Obiang Mangue,Equatorial Guinea,,spoke in Spanish,14,1125,,
GRC_79_2024,A/79/PV.12,Mr. Mitsotakis,Greece,,,20,2906,,
GRD_79_2024,A/79/PV.15,Mr. Mitchell,Grenada,,,22,2157,,Grenad a -> Grenada
GTM_79_2024,A/79/PV.7,President Arévalo de León,,"Mr. César Bernardo Arévalo de León, President of the Republic of Guatemala",spoke in Spanish,19,2590,,
GUY_79_2024,A/79/PV.10,President Ali,,"Mr. Mohamed Irfaan Ali, President of the Co-operative Republic of Guyana",,28,2026,,
HND_79_2024,A/79/PV.9,President Castro Sarmiento,,"Ms. Iris Xiomara Castro Sarmiento, President of the Republic of Honduras",spoke in Spanish,17,1252,,
HRV_79_2024,A/79/PV.13,Mr. Plenković,Croatia,,,30,2816,,
HTI_79_2024,A/79/PV.11,President Leblanc Fils,,"Edgar Leblanc Fils, President of the Presidential Council of the Transition of the Republic of Haiti",spoke in French,40,3491,,pushi ng -> pushing; thos e -> those; solidar ity -> solidarity; spir it -> spirit
HUN_79_2024,A/79/PV.10,Mr. Szijjártó,Hungary,,,17,2199,,
IDN_79_2024,A/79/PV.15,Mrs. Marsudi,Indonesia,,,14,1318,,
IND_79_2024,A/79/PV.15,Mr. Jaishankar,India,,,20,1709,,
IRL_79_2024,A/79/PV.17,Mr. Fleming,Ireland,,,18,1701,,ri ghts -> rights
IRN_79_2024,A/79/PV.8,President Pezeshkian,,"Mr. Masoud Pezeshkian, President of the Islamic Republic of Iran","spoke in Farsi, English interpretation provided by the delegation",28,1813,,
IRQ_79_2024,A/79/PV.12,Mr. Al Sudani,Iraq,,spoke in Arabic,18,2112,,
ISL_79_2024,A/79/PV.16,Ms. Gylfadóttir,Iceland,,,26,2589,,
ISR_79_2024,A/79/PV.13,Mr. Netanyahu,Israel,,,34,4036,,
ITA_79_2024,A/79/PV.8,Ms. Meloni,Italy,,spoke in Italian; English interpretation provided by the delegation,13,1839,,
JAM_79_2024,A/79/PV.14,Ms. Smith,Jamaica,,,27,2596,,
JOR_79_2024,A/79/PV.7,King Abdullah,,"His Majesty King Abdullah II ibn Al Hussein, King of the Hashemite Kingdom of Jordan",,11,1494,,
JPN_79_2024,A/79/PV.16,Mr. Yamazaki,Japan,,,36,2311,,pow er -> power; tran sform -> transform
KAZ_79_2024,A/79/PV.15,Mr. Nurtleu,Kazakhstan,,,15,1541,,
KEN_79_2024,A/79/PV.11,President Ruto,,"Mr. William Samoei Ruto, President of the Republic of Kenya and Commander-in-Chief of the Defence Forces",,27,2939,,
KGZ_79_2024,A/79/PV.8,Mr. Zhaparov,,"Mr. Sadyr Zhaparov, President of the Kyrgyz Republic",spoke in Kyrgyz; English interpretation provided by the delegation,26,2325,,
KHM_79_2024,A/79/PV.15,Mr. Sok,Cambodia,,,24,1699,,
KIR_79_2024,A/79/PV.17,Mr. Tito,Kiribati,,,23,2615,,
KNA_79_2024,A/79/PV.14,Mr. Drew,Saint Kitts and Nevis,,,26,2621,,
KOR_79_2024,A/79/PV.14,Mr. Cho,Republic of Korea,,,20,2230,,
KWT_79_2024,A/79/PV.11,Prince Al-Sabah,Kuwait,,spoke in Arabic,24,2118,,
LAO_79_2024,A/79/PV.14,Mr. Siphandone,Lao People’s Democratic Republic,,spoke in Lao; interpretation provided by the delegation,20,2115,,
LBN_79_2024,A/79/PV.12,Mr. Bouhabib,Lebanon,,spoke in Arabic,17,1917,,
LBR_79_2024,A/79/PV.9,President Boakai,,"Mr. Joseph Nyuma Boakai, Sr., President of the Republic of Liberia",,18,1883,,
LBY_79_2024,A/79/PV.9,President Menfi,,"Mr. Mohamed Younis Menfi, President of the Presidential Council of the State of Libya",spoke in Arabic,9,1287,,
LCA_79_2024,A/79/PV.14,Mr. Baptiste,Saint Lucia,,,23,2067,,
LIE_79_2024,A/79/PV.12,Ms. Hasler,Liechtenstein,,,15,1730,,
LKA_79_2024,A/79/PV.17,Mr. Pieris,Sri Lanka,,,21,1965,,
LSO_79_2024,A/79/PV.11,King Letsie III,,"His Majesty King Letsie III, King of the Kingdom of Lesotho",,23,1742,,
LTU_79_2024,A/79/PV.7,President Nausėda,,"Mr. Gitanas Nausėda, President of the Republic of Lithuania",,16,1358,,
LUX_79_2024,A/79/PV.15,Mr. Bettel,Luxembourg,,,25,3230,,ci vilians -> civilians; enjo y -> enjoy
LVA_79_2024,A/79/PV.8,President Rinkēvičs,,"Mr. Edgars Rinkēvičs, President of the Republic of Latvia",,18,1425,,
MAR_79_2024,A/79/PV.8,Mr. Akhannouch,Morocco,,spoke in Arabic,15,2064,,
MCO_79_2024,A/79/PV.8,Prince Albert,,"His Serene Highness Prince Albert II, Sovereign Prince of Monaco",spoke in French,11,1579,,
MDA_79_2024,A/79/PV.13,Mr. Recean,Moldova,,,17,1518,,
MDG_79_2024,A/79/PV.14,Mr. Ntsay,Madagascar,,spoke in French,17,1582,,
MDV_79_2024,A/79/PV.7,President Muizzu,,"Mr. Mohamed Muizzu, President of the Republic of Maldives",,19,2426,,
MEX_79_2024,A/79/PV.15,Mrs. Bárcena Ibarra,Mexico,,spoke in Spanish,32,2658,,
MHL_79_2024,A/79/PV.10,President Heine,,"Ms. Hilda Heine, President of the Republic of the Marshall Islands",,23,1983,,
MKD_79_2024,A/79/PV.11,President Siljanovska-Davkova,,"Mrs. Gordana Siljanovska-Davkova, President of the Republic of North Macedonia",spoke in Macedonian; interpretation provided by the delegation,27,2372,,
MLI_79_2024,A/79/PV.15,Mr. Maïga,Mali,,spoke in French,36,3828,,
MLT_79_2024,A/79/PV.13,Mr. Abela,Malta,,,31,3503,,
MNE_79_2024,A/79/PV.14,Mr. Ivanović,Montenegro,,,28,2373,,
MNG_79_2024,A/79/PV.9,President Ukhnaa,,"Mr. Khurelsukh Ukhnaa, President of Mongolia",spoke in Mongolian; English interpretation provided by the delegation,18,2546,,
MOZ_79_2024,A/79/PV.17,Mr. Gonçalves,Mozambique,,spoke in Portuguese; interpretation provided by the delegation,17,1306,,
MRT_79_2024,A/79/PV.8,President El Ghazouani,,"Mr. Mohamed Ould Cheikh El Ghazouani, President of the Islamic Republic of Mauritania",spoke in Arabic,19,1650,,
MUS_79_2024,A/79/PV.12,President Roopun,,"Mr. Prithvirajsing Roopun, President of the Republic of Mauritius",,15,1361,,
MWI_79_2024,A/79/PV.11,President Chakwera,,"Mr. Lazarus McCarthy Chakwera, President of the Republic of Malawi and Commander-in-Chief of the Malawi Defence Force",,12,1523,,imp lementation -> implementation
MYS_79_2024,A/79/PV.15,Mr. Hasan,Malaysia,,,18,1947,,
NAM_79_2024,A/79/PV.9,President Mbumba,,"Mr. Nangolo Mbumba, President of the Republic of Namibia",,10,800,,
NER_79_2024,A/79/PV.17,Mr. Sangaré,Niger,,spoke in French,15,1363,,reaffi rms -> reaffirms
NGA_79_2024,A/79/PV.8,Mr. Shettima,Nigeria,,,24,2962,,
NIC_79_2024,A/79/PV.17,Mr. Jaentschke Whitaker,Nicaragua,,spoke in Spanish,40,2274,,
NLD_79_2024,A/79/PV.12,Prime Minister Schoof,Kingdom of the Netherlands,,,14,2049,,
NOR_79_2024,A/79/PV.15,Mr. Eide,Norway,,,19,1690,,
NPL_79_2024,A/79/PV.12,Mr. Oli,Nepal,,,18,2040,,
NRU_79_2024,A/79/PV.8,President Adeang,,"Mr. David Ranibok Adeang, President and Head of State of the Republic of Nauru",,15,1634,,
NZL_79_2024,A/79/PV.12,Mr. Peters,New Zealand,,,14,1727,,
OMN_79_2024,A/79/PV.16,Mr. Albusaidi,Oman,,spoke in Arabic,10,840,,
PAK_79_2024,A/79/PV.13,Mr. Sharif,Pakistan,,,25,1885,,
PAN_79_2024,A/79/PV.10,President Mulino Quintero,,"Mr. José Raúl Mulino Quintero, President of the Republic of Panama",spoke in Spanish,23,2413,,
PER_79_2024,A/79/PV.12,Mr. Schialer Salcedo,Peru,,spoke in Spanish,21,2247,,
PHL_79_2024,A/79/PV.15,Mr. Manalo,Philippines,,,27,1893,,
PLW_79_2024,A/79/PV.11,Ms. Sengebau Senior,Palau,,,17,1365,,fu ture -> future; Adap tation -> Adaptation
PNG_79_2024,A/79/PV.13,Mr. Marape,Papua New Guinea,,,23,2340,,
POL_79_2024,A/79/PV.8,President Duda,,"Mr. Andrzej Duda, President of the Republic of Poland",,9,1322,,
PRK_79_2024,A/79/PV.17,Mr. Song Kim,Democratic People’s Republic of Korea,,spoke in Korean; interpretation provided by the delegation,23,2184,,feasibili ty -> feasibility; diversifi ed -> diversified
PRT_79_2024,A/79/PV.11,Mr. Montenegro,Portugal,,spoke in Portuguese; interpretation provided by the delegation,24,1880,,
PRY_79_2024,A/79/PV.8,President Peña Palacios,,"Mr. Santiago Peña Palacios, President of the Republic of Paraguay",spoke in Spanish,23,2947,,
PSE_79_2024,A/79/PV.11,President Abbas,,"Mr. Mr. Mahmoud Abbas, President of the State of Palestine",spoke in Arabic,32,3026,,
QAT_79_2024,A/79/PV.7,Sheikh Al Thani,,"His Highness Sheikh Tamim bin Hamad Al Thani, Amir of the State of Qatar",spoke in Arabic,19,2353,,
ROU_79_2024,A/79/PV.9,President Iohannis,,"Mr. Klaus Werner Iohannis, President of Romania",,7,1193,,
RUS_79_2024,A/79/PV.15,Mr. Lavrov,Russian Federation,,spoke in Russian,25,3335,,pea ce -> peace; requiremen t -> requirement
RWA_79_2024,A/79/PV.17,Mr. Rwamucyo,Rwanda,,,11,1097,,
SAU_79_2024,A/79/PV.16,Prince Al Saud,Saudi Arabia,,spoke in Arabic,25,2534,,stabil ity -> stability
SDN_79_2024,A/79/PV.11,President Al-Burhan,,"Mr. Abdel-Fattah Al-Burhan Abdelrahman Al-Burhan, President of the Transitional Sovereign Council of the Republic of the Sudan",spoke in Arabic,17,1870,,
SEN_79_2024,A/79/PV.10,President Faye,,"Mr. Bassírou Diomaye Diakhar Faye, President of the Republic of Senegal",spoke in French,14,1191,,
SGP_79_2024,A/79/PV.15,Mr. Balakrishnan,Singapore,,,24,2026,,civi lian -> civilian
SLB_79_2024,A/79/PV.14,Mr. Agovaka,Solomon Islands,,,28,2328,,
SLE_79_2024,A/79/PV.7,President Bio,,"Mr. Julius Maada Bio, President of the Republic of Sierra Leone",,18,2041,,
SLV_79_2024,A/79/PV.8,President Bukele,,"Mr. Nayib Armando Bukele, President of the Republic of El Salvador",spoke in Spanish,16,1415,,
SMR_79_2024,A/79/PV.15,Mr. Beccari,San Marino,,,25,2489,,
SOM_79_2024,A/79/PV.14,Mr. Barre,Somalia,,,18,1647,,
SRB_79_2024,A/79/PV.7,President Vučić,,"Mr. Aleksandar Vučić, President of the Republic of Serbia",,27,2949,,
SSD_79_2024,A/79/PV.10,Mr. Goc,South Sudan,,,24,2386,,
STP_79_2024,A/79/PV.11,President Vila Nova,,"Mr. Carlos Manuel Vila Nova, President of the Democratic Republic of Sao Tome and Principe",spoke in Portuguese; interpretation provided by the delegation,15,1378,,
SUR_79_2024,A/79/PV.9,President Santokhi,,"Mr. Chandrikapersad Santokhi, President of the Republic of Suriname",,15,1451,,
SVK_79_2024,A/79/PV.9,President Pellegrini,,"Mr. Peter Pellegrini, President of the Slovak Republic",,14,1908,,
SVN_79_2024,A/79/PV.13,Mr. Golob,Slovenia,,,22,1744,,
SWE_79_2024,A/79/PV.12,Ms. Malmer Stenergard,Sweden,,,15,1890,,
SWZ_79_2024,A/79/PV.13,Mr. Dlamini,Eswatini,,,19,1839,,
SYC_79_2024,A/79/PV.9,President Ramkalawan,,"Mr. Wavel Ramkalawan, President of the Republic of Seychelles",,14,1868,,
SYR_79_2024,A/79/PV.17,Mr. Sabbagh,Syrian Arab Republic,,spoke in Arabic,31,2475,,Re lief -> Relief; worke d -> worked; hav e -> have
TCD_79_2024,A/79/PV.10,Mr. Halina,Chad,,spoke in French,18,1374,,
TGO_79_2024,A/79/PV.10,President Gnassingbé,,"Mr. Faure Essozimna Gnassingbé, President of the Togolese Republic",spoke in French,12,1100,,
THA_79_2024,A/79/PV.16,Mr. Sangiampongsa,Thailand,,,15,1531,,
TJK_79_2024,A/79/PV.7,President Rahmon,,"Mr. Emomali Rahmon, President of the Republic of Tajikistan",spoke in Tajik; interpretation provided by the delegation,16,1913,,
TKM_79_2024,A/79/PV.14,Mr. Meredov,Turkmenistan,,,17,1495,,
TLS_79_2024,A/79/PV.14,Mr. Gusmão,Timor-Leste,,spoke in Portuguese; interpretation provided by the delegation,21,1870,,
TON_79_2024,A/79/PV.14,Mr. Sovaleni,Tonga,,,29,2584,,
TTO_79_2024,A/79/PV.16,Mr. Browne,Trinidad and Tobago,,,25,2730,,
TUN_79_2024,A/79/PV.14,Mr. Nafti,Tunisia,,spoke in Arabic,26,2578,,
TUR_79_2024,A/79/PV.7,President Erdoğan,,"Mr. Recep Tayyip Erdoğan, President of the Republic of Türkiye",spoke in Turkish; English interpretation provided by the delegation,45,3945,,
TUV_79_2024,A/79/PV.14,Mr. Teo,Tuvalu,,,39,2753,,
TZA_79_2024,A/79/PV.13,Mr. Majaliwa,United Republic of Tanzania,,,21,1714,,
UGA_79_2024,A/79/PV.13,Ms. Nabbanja,Uganda,,,24,2124,,
UKR_79_2024,A/79/PV.9,President Zelenskyy,,"Mr. Volodymyr Zelenskyy, President of Ukraine",,11,1698,,
URY_79_2024,A/79/PV.11,President Lacalle Pou,,"Mr. Luis Lacalle Pou, President of the Eastern Republic of Uruguay",spoke in Spanish,12,1294,,
USA_79_2024,A/79/PV.7,President Biden,,"Mr. Joseph R. Biden, Jr., President of the United States of America",,25,3265,,
UZB_79_2024,A/79/PV.10,Mr. Saidov,Uzbekistan,,,20,1626,,
VAT_79_2024,A/79/PV.15,Cardinal Parolin,Holy See,,,34,2193,,
VCT_79_2024,A/79/PV.13,Mr. Gonsalves,Saint Vincent and the Grenadines,,,21,2181,,
VEN_79_2024,A/79/PV.10,Mr. Gil Pinto,Bolivarian Republic of Venezuela,,,30,2867,,
VNM_79_2024,A/79/PV.8,President To Lam,,"Mr. To Lam, State President of the Socialist Republic of Viet Nam",spoke in Vietnamese; English interpretation provided by the delegation,16,1174,,
VUT_79_2024,A/79/PV.13,Mr. Tabimasmas,Vanuatu,,spoke in French,22,1815,,
WSM_79_2024,A/79/PV.14,Ms. Mata’afa,Samoa,,,16,1510,,
YEM_79_2024,A/79/PV.11,President Al-Alimi,,"Mr. Rashad Mohammed Al-Alimi, President of the Presidential Leadership Council of the Republic of Yemen",spoke in Arabic,17,1796,,
ZAF_79_2024,A/79/PV.7,President Ramaphosa,,"Mr. Matamela Cyril Ramaphosa, President of the Republic of South Africa",,15,1877,,
ZMB_79_2024,A/79/PV.16,Mr. Haimbe,Zambia,,,19,1886,,
ZWE_79_2024,A/79/PV.10,Mr. Shava,Zimbabwe,,,18,1620,,
