iso3,name_en,name_es,iso_numeric,map_iso_numeric,map_extra_features,point_lat,point_lon,m49_region_en,m49_region_es,m49_subregion_en,m49_subregion_es,un_member,is_observer
AFG,Afghanistan,Afganistán,004,004,,,,Asia,Asia,Southern Asia,Asia meridional,true,false
AGO,Angola,Angola,024,024,,,,Africa,África,Sub-Saharan Africa,África subsahariana,true,false
ALB,Albania,Albania,008,008,,,,Europe,Europa,Southern Europe,Europa meridional,true,false
AND,Andorra,Andorra,020,,,42.51,1.52,Europe,Europa,Southern Europe,Europa meridional,true,false
ARE,United Arab Emirates,Emiratos Árabes Unidos,784,784,,,,Asia,Asia,Western Asia,Asia occidental,true,false
ARG,Argentina,Argentina,032,032,,,,Americas,Américas,Latin America and the Caribbean,América Latina y el Caribe,true,false
ARM,Armenia,Armenia,051,051,,,,Asia,Asia,Western Asia,Asia occidental,true,false
ATG,Antigua and Barbuda,Antigua y Barbuda,028,,,17.13,-61.85,Americas,Américas,Latin America and the Caribbean,América Latina y el Caribe,true,false
AUS,Australia,Australia,036,036,,,,Oceania,Oceanía,Australia and New Zealand,Australia y Nueva Zelandia,true,false
AUT,Austria,Austria,040,040,,,,Europe,Europa,Western Europe,Europa occidental,true,false
AZE,Azerbaijan,Azerbaiyán,031,031,,,,Asia,Asia,Western Asia,Asia occidental,true,false
BDI,Burundi,Burundi,108,108,,,,Africa,África,Sub-Saharan Africa,África subsahariana,true,false
BEL,Belgium,Bélgica,056,056,,,,Europe,Europa,Western Europe,Europa occidental,true,false
BEN,Benin,Benín,204,204,,,,Africa,África,Sub-Saharan Africa,África subsahariana,true,false
BFA,Burkina Faso,Burkina Faso,854,854,,,,Africa,África,Sub-Saharan Africa,África subsahariana,true,false
BGD,Bangladesh,Bangladés,050,050,,,,Asia,Asia,Southern Asia,Asia meridional,true,false
BGR,Bulgaria,Bulgaria,100,100,,,,Europe,Europa,Eastern Europe,Europa oriental,true,false
BHR,Bahrain,Baréin,048,,,26.23,50.59,Asia,Asia,Western Asia,Asia occidental,true,false
BHS,Bahamas,Bahamas,044,044,,,,Americas,Américas,Latin America and the Caribbean,América Latina y el Caribe,true,false
BIH,Bosnia and Herzegovina,Bosnia y Herzegovina,070,070,,,,Europe,Europa,Southern Europe,Europa meridional,true,false
BLR,Belarus,Bielorrusia,112,112,,,,Europe,Europa,Eastern Europe,Europa oriental,true,false
BLZ,Belize,Belice,084,084,,,,Americas,Américas,Latin America and the Caribbean,América Latina y el Caribe,true,false
BOL,Bolivia,Bolivia,068,068,,,,Americas,Américas,Latin America and the Caribbean,América Latina y el Caribe,true,false
BRA,Brazil,Brasil,076,076,,,,Americas,Américas,Latin America and the Caribbean,América Latina y el Caribe,true,false
BRB,Barbados,Barbados,052,,,13.1,-59.61,Americas,Américas,Latin America and the Caribbean,América Latina y el Caribe,true,false
BRN,Brunei,Brunéi,096,096,,,,Asia,Asia,South-eastern Asia,Asia sudoriental,true,false
BTN,Bhutan,Bután,064,064,,,,Asia,Asia,Southern Asia,Asia meridional,true,false
BWA,Botswana,Botsuana,072,072,,,,Africa,África,Sub-Saharan Africa,África subsahariana,true,false
CAF,Central African Republic,República Centroafricana,140,140,,,,Africa,África,Sub-Saharan Africa,África subsahariana,true,false
CAN,Canada,Canadá,124,124,,,,Americas,Américas,Northern America,América septentrional,true,false
CHE,Switzerland,Suiza,756,756,,,,Europe,Europa,Western Europe,Europa occidental,true,false
CHL,Chile,Chile,152,152,,,,Americas,Américas,Latin America and the Caribbean,América Latina y el Caribe,true,false
CHN,China,China,156,156,Taiwan,,,Asia,Asia,Eastern Asia,Asia oriental,true,false
CIV,Côte d'Ivoire,Costa de Marfil,384,384,,,,Africa,África,Sub-Saharan Africa,África subsahariana,true,false
CMR,Cameroon,Camerún,120,120,,,,Africa,África,Sub-Saharan Africa,África subsahariana,true,false
COD,DR Congo,RD del Congo,180,180,,,,Africa,África,Sub-Saharan Africa,África subsahariana,true,false
COG,Congo,Congo,178,178,,,,Africa,África,Sub-Saharan Africa,África subsahariana,true,false
COL,Colombia,Colombia,170,170,,,,Americas,Américas,Latin America and the Caribbean,América Latina y el Caribe,true,false
COM,Comoros,Comoras,174,,,-11.72,43.25,Africa,África,Sub-Saharan Africa,África subsahariana,true,false
CPV,Cabo Verde,Cabo Verde,132,,,14.93,-23.51,Africa,África,Sub-Saharan Africa,África subsahariana,true,false
CRI,Costa Rica,Costa Rica,188,188,,,,Americas,Américas,Latin America and the Caribbean,América Latina y el Caribe,true,false
CSK,Czechoslovakia,Checoslovaquia,200,,,,,Europe,Europa,Eastern Europe,Europa oriental,false,false
CUB,Cuba,Cuba,192,192,,,,Americas,Américas,Latin America and the Caribbean,América Latina y el Caribe,true,false
CYP,Cyprus,Chipre,196,196,N. Cyprus,,,Asia,Asia,Western Asia,Asia occidental,true,false
CZE,Czechia,Chequia,203,203,,,,Europe,Europa,Eastern Europe,Europa oriental,true,false
DDR,East Germany,Alemania Oriental,278,,,,,Europe,Europa,Eastern Europe,Europa oriental,false,false
DEU,Germany,Alemania,276,276,,,,Europe,Europa,Western Europe,Europa occidental,true,false
DJI,Djibouti,Yibuti,262,262,,,,Africa,África,Sub-Saharan Africa,África subsahariana,true,false
DMA,Dominica,Dominica,212,,,15.3,-61.39,Americas,Américas,Latin America and the Caribbean,América Latina y el Caribe,true,false
DNK,Denmark,Dinamarca,208,208,,,,Europe,Europa,Northern Europe,Europa septentrional,true,false
DOM,Dominican Republic,República Dominicana,214,214,,,,Americas,Américas,Latin America and the Caribbean,América Latina y el Caribe,true,false
DZA,Algeria,Argelia,012,012,,,,Africa,África,Northern Africa,África septentrional,true,false
ECU,Ecuador,Ecuador,218,218,,,,Americas,Américas,Latin America and the Caribbean,América Latina y el Caribe,true,false
EGY,Egypt,Egipto,818,818,,,,Africa,África,Northern Africa,África septentrional,true,false
ERI,Eritrea,Eritrea,232,232,,,,Africa,África,Sub-Saharan Africa,África subsahariana,true,false
ESP,Spain,España,724,724,,,,Europe,Europa,Southern Europe,Europa meridional,true,false
EST,Estonia,Estonia,233,233,,,,Europe,Europa,Northern Europe,Europa septentrional,true,false
ETH,Ethiopia,Etiopía,231,231,,,,Africa,África,Sub-Saharan Africa,África subsahariana,true,false
EU,European Union,Unión Europea,,,,,,,,,,false,true
FIN,Finland,Finlandia,246,246,,,,Europe,Europa,Northern Europe,Europa septentrional,true,false
FJI,Fiji,Fiyi,242,242,,,,Oceania,Oceanía,Melanesia,Melanesia,true,false
FRA,France,Francia,250,250,,,,Europe,Europa,Western Europe,Europa occidental,true,false
FSM,Micronesia,Micronesia,583,,,6.91,158.16,Oceania,Oceanía,Micronesia,Micronesia,true,false
GAB,Gabon,Gabón,266,266,,,,Africa,África,Sub-Saharan Africa,África subsahariana,true,false
GBR,United Kingdom,Reino Unido,826,826,,,,Europe,Europa,Northern Europe,Europa septentrional,true,false
GEO,Georgia,Georgia,268,268,,,,Asia,Asia,Western Asia,Asia occidental,true,false
GHA,Ghana,Ghana,288,288,,,,Africa,África,Sub-Saharan Africa,África subsahariana,true,false
GIN,Guinea,Guinea,324,324,,,,Africa,África,Sub-Saharan Africa,África subsahariana,true,false
GMB,Gambia,Gambia,270,270,,,,Africa,África,Sub-Saharan Africa,África subsahariana,true,false
GNB,Guinea-Bissau,Guinea-Bisáu,624,624,,,,Africa,África,Sub-Saharan Africa,África subsahariana,true,false
GNQ,Equatorial Guinea,Guinea Ecuatorial,226,226,,,,Africa,África,Sub-Saharan Africa,África subsahariana,true,false
GRC,Greece,Grecia,300,300,,,,Europe,Europa,Southern Europe,Europa meridional,true,false
GRD,Grenada,Granada,308,,,12.06,-61.75,Americas,Américas,Latin America and the Caribbean,América Latina y el Caribe,true,false
GTM,Guatemala,Guatemala,320,320,,,,Americas,Américas,Latin America and the Caribbean,América Latina y el Caribe,true,false
GUY,Guyana,Guyana,328,328,,,,Americas,Américas,Latin America and the Caribbean,América Latina y el Caribe,true,false
HND,Honduras,Honduras,340,340,,,,Americas,Américas,Latin America and the Caribbean,América Latina y el Caribe,true,false
HRV,Croatia,Croacia,191,191,,,,Europe,Europa,Southern Europe,Europa meridional,true,false
HTI,Haiti,Haití,332,332,,,,Americas,Américas,Latin America and the Caribbean,América Latina y el Caribe,true,false
HUN,Hungary,Hungría,348,348,,,,Europe,Europa,Eastern Europe,Europa oriental,true,false
IDN,Indonesia,Indonesia,360,360,,,,Asia,Asia,South-eastern Asia,Asia sudoriental,true,false
IND,India,India,356,356,,,,Asia,Asia,Southern Asia,Asia meridional,true,false
IRL,Ireland,Irlanda,372,372,,,,Europe,Europa,Northern Europe,Europa septentrional,true,false
IRN,Iran,Irán,364,364,,,,Asia,Asia,Southern Asia,Asia meridional,true,false
IRQ,Iraq,Irak,368,368,,,,Asia,Asia,Western Asia,Asia occidental,true,false
ISL,Iceland,Islandia,352,352,,,,Europe,Europa,Northern Europe,Europa septentrional,true,false
ISR,Israel,Israel,376,376,,,,Asia,Asia,Western Asia,Asia occidental,true,false
ITA,Italy,Italia,380,380,,,,Europe,Europa,Southern Europe,Europa meridional,true,false
JAM,Jamaica,Jamaica,388,388,,,,Americas,Américas,Latin America and the Caribbean,América Latina y el Caribe,true,false
JOR,Jordan,Jordania,400,400,,,,Asia,Asia,Western Asia,Asia occidental,true,false
JPN,Japan,Japón,392,392,,,,Asia,Asia,Eastern Asia,Asia oriental,true,false
KAZ,Kazakhstan,Kazajistán,398,398,,,,Asia,Asia,Central Asia,Asia central,true,false
KEN,Kenya,Kenia,404,404,,,,Africa,África,Sub-Saharan Africa,África subsahariana,true,false
KGZ,Kyrgyzstan,Kirguistán,417,417,,,,Asia,Asia,Central Asia,Asia central,true,false
KHM,Cambodia,Camboya,116,116,,,,Asia,Asia,South-eastern Asia,Asia sudoriental,true,false
KIR,Kiribati,Kiribati,296,,,1.33,172.98,Oceania,Oceanía,Micronesia,Micronesia,true,false
KNA,Saint Kitts and Nevis,San Cristóbal y Nieves,659,,,17.3,-62.72,Americas,Américas,Latin America and the Caribbean,América Latina y el Caribe,true,false
KOR,South Korea,Corea del Sur,410,410,,,,Asia,Asia,Eastern Asia,Asia oriental,true,false
KWT,Kuwait,Kuwait,414,414,,,,Asia,Asia,Western Asia,Asia occidental,true,false
LAO,Laos,Laos,418,418,,,,Asia,Asia,South-eastern Asia,Asia sudoriental,true,false
LBN,Lebanon,Líbano,422,422,,,,Asia,Asia,Western Asia,Asia occidental,true,false
LBR,Liberia,Liberia,430,430,,,,Africa,África,Sub-Saharan Africa,África subsahariana,true,false
LBY,Libya,Libia,434,434,,,,Africa,África,Northern Africa,África septentrional,true,false
LCA,Saint Lucia,Santa Lucía,662,,,14.01,-60.99,Americas,Américas,Latin America and the Caribbean,América Latina y el Caribe,true,false
LIE,Liechtenstein,Liechtenstein,438,,,47.14,9.52,Europe,Europa,Western Europe,Europa occidental,true,false
LKA,Sri Lanka,Sri Lanka,144,144,,,,Asia,Asia,Southern Asia,Asia meridional,true,false
LSO,Lesotho,Lesoto,426,426,,,,Africa,África,Sub-Saharan Africa,África subsahariana,true,false
LTU,Lithuania,Lituania,440,440,,,,Europe,Europa,Northern Europe,Europa septentrional,true,false
LUX,Luxembourg,Luxemburgo,442,442,,,,Europe,Europa,Western Europe,Europa occidental,true,false
LVA,Latvia,Letonia,428,428,,,,Europe,Europa,Northern Europe,Europa septentrional,true,false
MAR,Morocco,Marruecos,504,504,,,,Africa,África,Northern Africa,África septentrional,true,false
MCO,Monaco,Mónaco,492,,,43.74,7.42,Europe,Europa,Western Europe,Europa occidental,true,false
MDA,Moldova,Moldavia,498,498,,,,Europe,Europa,Eastern Europe,Europa oriental,true,false
MDG,Madagascar,Madagascar,450,450,,,,Africa,África,Sub-Saharan Africa,África subsahariana,true,false
MDV,Maldives,Maldivas,462,,,4.18,73.51,Asia,Asia,Southern Asia,Asia meridional,true,false
MEX,Mexico,México,484,484,,,,Americas,Américas,Latin America and the Caribbean,América Latina y el Caribe,true,false
MHL,Marshall Islands,Islas Marshall,584,,,7.09,171.38,Oceania,Oceanía,Micronesia,Micronesia,true,false
MKD,North Macedonia,Macedonia del Norte,807,807,,,,Europe,Europa,Southern Europe,Europa meridional,true,false
MLI,Mali,Malí,466,466,,,,Africa,África,Sub-Saharan Africa,África subsahariana,true,false
MLT,Malta,Malta,470,,,35.9,14.51,Europe,Europa,Southern Europe,Europa meridional,true,false
MMR,Myanmar,Myanmar,104,104,,,,Asia,Asia,South-eastern Asia,Asia sudoriental,true,false
MNE,Montenegro,Montenegro,499,499,,,,Europe,Europa,Southern Europe,Europa meridional,true,false
MNG,Mongolia,Mongolia,496,496,,,,Asia,Asia,Eastern Asia,Asia oriental,true,false
MOZ,Mozambique,Mozambique,508,508,,,,Africa,África,Sub-Saharan Africa,África subsahariana,true,false
MRT,Mauritania,Mauritania,478,478,,,,Africa,África,Sub-Saharan Africa,África subsahariana,true,false
MUS,Mauritius,Mauricio,480,,,-20.16,57.5,Africa,África,Sub-Saharan Africa,África subsahariana,true,false
MWI,Malawi,Malaui,454,454,,,,Africa,África,Sub-Saharan Africa,África subsahariana,true,false
MYS,Malaysia,Malasia,458,458,,,,Asia,Asia,South-eastern Asia,Asia sudoriental,true,false
NAM,Namibia,Namibia,516,516,,,,Africa,África,Sub-Saharan Africa,África subsahariana,true,false
NER,Niger,Níger,562,562,,,,Africa,África,Sub-Saharan Africa,África subsahariana,true,false
NGA,Nigeria,Nigeria,566,566,,,,Africa,África,Sub-Saharan Africa,África subsahariana,true,false
NIC,Nicaragua,Nicaragua,558,558,,,,Americas,Américas,Latin America and the Caribbean,América Latina y el Caribe,true,false
NLD,Netherlands,Países Bajos,528,528,,,,Europe,Europa,Western Europe,Europa occidental,true,false
NOR,Norway,Noruega,578,578,,,,Europe,Europa,Northern Europe,Europa septentrional,true,false
NPL,Nepal,Nepal,524,524,,,,Asia,Asia,Southern Asia,Asia meridional,true,false
NRO,Naoero,Naoero,520,,,-0.55,166.92,Oceania,Oceanía,Micronesia,Micronesia,true,false
NZL,New Zealand,Nueva Zelanda,554,554,,,,Oceania,Oceanía,Australia and New Zealand,Australia y Nueva Zelandia,true,false
OMN,Oman,Omán,512,512,,,,Asia,Asia,Western Asia,Asia occidental,true,false
PAK,Pakistan,Pakistán,586,586,,,,Asia,Asia,Southern Asia,Asia meridional,true,false
PAN,Panama,Panamá,591,591,,,,Americas,Américas,Latin America and the Caribbean,América Latina y el Caribe,true,false
PER,Peru,Perú,604,604,,,,Americas,Américas,Latin America and the Caribbean,América Latina y el Caribe,true,false
PHL,Philippines,Filipinas,608,608,,,,Asia,Asia,South-eastern Asia,Asia sudoriental,true,false
PLW,Palau,Palaos,585,,,7.5,134.62,Oceania,Oceanía,Micronesia,Micronesia,true,false
PNG,Papua New Guinea,Papúa Nueva Guinea,598,598,,,,Oceania,Oceanía,Melanesia,Melanesia,true,false
POL,Poland,Polonia,616,616,,,,Europe,Europa,Eastern Europe,Europa oriental,true,false
PRK,North Korea,Corea del Norte,408,408,,,,Asia,Asia,Eastern Asia,Asia oriental,true,false
PRT,Portugal,Portugal,620,620,,,,Europe,Europa,Southern Europe,Europa meridional,true,false
PRY,Paraguay,Paraguay,600,600,,,,Americas,Américas,Latin America and the Caribbean,América Latina y el Caribe,true,false
PSE,Palestine,Palestina,275,275,,,,Asia,Asia,Western Asia,Asia occidental,false,true
QAT,Qatar,Qatar,634,634,,,,Asia,Asia,Western Asia,Asia occidental,true,false
ROU,Romania,Rumania,642,642,,,,Europe,Europa,Eastern Europe,Europa oriental,true,false
RUS,Russia,Rusia,643,643,,,,Europe,Europa,Eastern Europe,Europa oriental,true,false
RWA,Rwanda,Ruanda,646,646,,,,Africa,África,Sub-Saharan Africa,África subsahariana,true,false
SAU,Saudi Arabia,Arabia Saudita,682,682,,,,Asia,Asia,Western Asia,Asia occidental,true,false
SDN,Sudan,Sudán,729,729,,,,Africa,África,Northern Africa,África septentrional,true,false
SEN,Senegal,Senegal,686,686,,,,Africa,África,Sub-Saharan Africa,África subsahariana,true,false
SGP,Singapore,Singapur,702,,,1.29,103.85,Asia,Asia,South-eastern Asia,Asia sudoriental,true,false
SLB,Solomon Islands,Islas Salomón,090,090,,,,Oceania,Oceanía,Melanesia,Melanesia,true,false
SLE,Sierra Leone,Sierra Leona,694,694,,,,Africa,África,Sub-Saharan Africa,África subsahariana,true,false
SLV,El Salvador,El Salvador,222,222,,,,Americas,Américas,Latin America and the Caribbean,América Latina y el Caribe,true,false
SMR,San Marino,San Marino,674,,,43.94,12.46,Europe,Europa,Southern Europe,Europa meridional,true,false
SOM,Somalia,Somalia,706,706,Somaliland,,,Africa,África,Sub-Saharan Africa,África subsahariana,true,false
SRB,Serbia,Serbia,688,688,Kosovo,,,Europe,Europa,Southern Europe,Europa meridional,true,false
SSD,South Sudan,Sudán del Sur,728,728,,,,Africa,África,Sub-Saharan Africa,África subsahariana,true,false
STP,Sao Tome and Principe,Santo Tomé y Príncipe,678,,,0.34,6.73,Africa,África,Sub-Saharan Africa,África subsahariana,true,false
SUR,Suriname,Surinam,740,740,,,,Americas,Américas,Latin America and the Caribbean,América Latina y el Caribe,true,false
SVK,Slovakia,Eslovaquia,703,703,,,,Europe,Europa,Eastern Europe,Europa oriental,true,false
SVN,Slovenia,Eslovenia,705,705,,,,Europe,Europa,Southern Europe,Europa meridional,true,false
SWE,Sweden,Suecia,752,752,,,,Europe,Europa,Northern Europe,Europa septentrional,true,false
SWZ,Eswatini,Esuatini,748,748,,,,Africa,África,Sub-Saharan Africa,África subsahariana,true,false
SYC,Seychelles,Seychelles,690,,,-4.62,55.45,Africa,África,Sub-Saharan Africa,África subsahariana,true,false
SYR,Syria,Siria,760,760,,,,Asia,Asia,Western Asia,Asia occidental,true,false
TCD,Chad,Chad,148,148,,,,Africa,África,Sub-Saharan Africa,África subsahariana,true,false
TGO,Togo,Togo,768,768,,,,Africa,África,Sub-Saharan Africa,África subsahariana,true,false
THA,Thailand,Tailandia,764,764,,,,Asia,Asia,South-eastern Asia,Asia sudoriental,true,false
TJK,Tajikistan,Tayikistán,762,762,,,,Asia,Asia,Central Asia,Asia central,true,false
TKM,Turkmenistan,Turkmenistán,795,795,,,,Asia,Asia,Central Asia,Asia central,true,false
TLS,Timor-Leste,Timor Oriental,626,626,,,,Asia,Asia,South-eastern Asia,Asia sudoriental,true,false
TON,Tonga,Tonga,776,,,-21.14,-175.2,Oceania,Oceanía,Polynesia,Polinesia,true,false
TTO,Trinidad and Tobago,Trinidad y Tobago,780,780,,,,Americas,Américas,Latin America and the Caribbean,América Latina y el Caribe,true,false
TUN,Tunisia,Túnez,788,788,,,,Africa,África,Northern Africa,África septentrional,true,false
TUR,Türkiye,Turquía,792,792,,,,Asia,Asia,Western Asia,Asia occidental,true,false
TUV,Tuvalu,Tuvalu,798,,,-8.52,179.2,Oceania,Oceanía,Polynesia,Polinesia,true,false
TZA,Tanzania,Tanzania,834,834,,,,Africa,África,Sub-Saharan Africa,África subsahariana,true,false
UGA,Uganda,Uganda,800,800,,,,Africa,África,Sub-Saharan Africa,África subsahariana,true,false
UKR,Ukraine,Ucrania,804,804,,,,Europe,Europa,Eastern Europe,Europa oriental,true,false
URY,Uruguay,Uruguay,858,858,,,,Americas,Américas,Latin America and the Caribbean,América Latina y el Caribe,true,false
USA,United States,Estados Unidos,840,840,,,,Americas,Américas,Northern America,América septentrional,true,false
UZB,Uzbekistan,Uzbekistán,860,860,,,,Asia,Asia,Central Asia,Asia central,true,false
VAT,Holy See,Santa Sede,336,,,41.9,12.45,Europe,Europa,Southern Europe,Europa meridional,false,true
VCT,Saint Vincent and the Grenadines,San Vicente y las Granadinas,670,,,13.16,-61.22,Americas,Américas,Latin America and the Caribbean,América Latina y el Caribe,true,false
VEN,Venezuela,Venezuela,862,862,,,,Americas,Américas,Latin America and the Caribbean,América Latina y el Caribe,true,false
VNM,Vietnam,Vietnam,704,704,,,,Asia,Asia,South-eastern Asia,Asia sudoriental,true,false
VUT,Vanuatu,Vanuatu,548,548,,,,Oceania,Oceanía,Melanesia,Melanesia,true,false
WSM,Samoa,Samoa,882,,,-13.85,-171.75,Oceania,Oceanía,Polynesia,Polinesia,true,false
YEM,Yemen,Yemen,887,887,,,,Asia,Asia,Western Asia,Asia occidental,true,false
YMD,South Yemen,Yemen del Sur,720,,,,,Asia,Asia,Western Asia,Asia occidental,false,false
YUG,Yugoslavia,Yugoslavia,891,,,,,Europe,Europa,Southern Europe,Europa meridional,false,false
ZAF,South Africa,Sudáfrica,710,710,,,,Africa,África,Sub-Saharan Africa,África subsahariana,true,false
ZMB,Zambia,Zambia,894,894,,,,Africa,África,Sub-Saharan Africa,África subsahariana,true,false
ZWE,Zimbabwe,Zimbabue,716,716,,,,Africa,África,Sub-Saharan Africa,África subsahariana,true,false
