group_id,group_type,name_es,name_en,iso3
ROCOL,office,Región Andina y Cono Sur (ROCOL),Andean Region and Southern Cone (ROCOL),ARG
ROCOL,office,Región Andina y Cono Sur (ROCOL),Andean Region and Southern Cone (ROCOL),BOL
ROCOL,office,Región Andina y Cono Sur (ROCOL),Andean Region and Southern Cone (ROCOL),CHL
ROCOL,office,Región Andina y Cono Sur (ROCOL),Andean Region and Southern Cone (ROCOL),COL
ROCOL,office,Región Andina y Cono Sur (ROCOL),Andean Region and Southern Cone (ROCOL),ECU
ROCOL,office,Región Andina y Cono Sur (ROCOL),Andean Region and Southern Cone (ROCOL),PER
ROCOL,office,Región Andina y Cono Sur (ROCOL),Andean Region and Southern Cone (ROCOL),PRY
ROCOL,office,Región Andina y Cono Sur (ROCOL),Andean Region and Southern Cone (ROCOL),URY
ALC,region,América Latina y el Caribe,Latin America and the Caribbean,ARG
ALC,region,América Latina y el Caribe,Latin America and the Caribbean,ATG
ALC,region,América Latina y el Caribe,Latin America and the Caribbean,BHS
ALC,region,América Latina y el Caribe,Latin America and the Caribbean,BLZ
ALC,region,América Latina y el Caribe,Latin America and the Caribbean,BOL
ALC,region,América Latina y el Caribe,Latin America and the Caribbean,BRA
ALC,region,América Latina y el Caribe,Latin America and the Caribbean,BRB
ALC,region,América Latina y el Caribe,Latin America and the Caribbean,CHL
ALC,region,América Latina y el Caribe,Latin America and the Caribbean,COL
ALC,region,América Latina y el Caribe,Latin America and the Caribbean,CRI
ALC,region,América Latina y el Caribe,Latin America and the Caribbean,CUB
ALC,region,América Latina y el Caribe,Latin America and the Caribbean,DMA
ALC,region,América Latina y el Caribe,Latin America and the Caribbean,DOM
ALC,region,América Latina y el Caribe,Latin America and the Caribbean,ECU
ALC,region,América Latina y el Caribe,Latin America and the Caribbean,GRD
ALC,region,América Latina y el Caribe,Latin America and the Caribbean,GTM
ALC,region,América Latina y el Caribe,Latin America and the Caribbean,GUY
ALC,region,América Latina y el Caribe,Latin America and the Caribbean,HND
ALC,region,América Latina y el Caribe,Latin America and the Caribbean,HTI
ALC,region,América Latina y el Caribe,Latin America and the Caribbean,JAM
ALC,region,América Latina y el Caribe,Latin America and the Caribbean,KNA
ALC,region,América Latina y el Caribe,Latin America and the Caribbean,LCA
ALC,region,América Latina y el Caribe,Latin America and the Caribbean,MEX
ALC,region,América Latina y el Caribe,Latin America and the Caribbean,NIC
ALC,region,América Latina y el Caribe,Latin America and the Caribbean,PAN
ALC,region,América Latina y el Caribe,Latin America and the Caribbean,PER
ALC,region,América Latina y el Caribe,Latin America and the Caribbean,PRY
ALC,region,América Latina y el Caribe,Latin America and the Caribbean,SLV
ALC,region,América Latina y el Caribe,Latin America and the Caribbean,SUR
ALC,region,América Latina y el Caribe,Latin America and the Caribbean,TTO
ALC,region,América Latina y el Caribe,Latin America and the Caribbean,URY
ALC,region,América Latina y el Caribe,Latin America and the Caribbean,VCT
ALC,region,América Latina y el Caribe,Latin America and the Caribbean,VEN
UE,bloc,Unión Europea (UE-27),European Union (EU-27),AUT
UE,bloc,Unión Europea (UE-27),European Union (EU-27),BEL
UE,bloc,Unión Europea (UE-27),European Union (EU-27),BGR
UE,bloc,Unión Europea (UE-27),European Union (EU-27),CYP
UE,bloc,Unión Europea (UE-27),European Union (EU-27),CZE
UE,bloc,Unión Europea (UE-27),European Union (EU-27),DEU
UE,bloc,Unión Europea (UE-27),European Union (EU-27),DNK
UE,bloc,Unión Europea (UE-27),European Union (EU-27),ESP
UE,bloc,Unión Europea (UE-27),European Union (EU-27),EST
UE,bloc,Unión Europea (UE-27),European Union (EU-27),FIN
UE,bloc,Unión Europea (UE-27),European Union (EU-27),FRA
UE,bloc,Unión Europea (UE-27),European Union (EU-27),GRC
UE,bloc,Unión Europea (UE-27),European Union (EU-27),HRV
UE,bloc,Unión Europea (UE-27),European Union (EU-27),HUN
UE,bloc,Unión Europea (UE-27),European Union (EU-27),IRL
UE,bloc,Unión Europea (UE-27),European Union (EU-27),ITA
UE,bloc,Unión Europea (UE-27),European Union (EU-27),LTU
UE,bloc,Unión Europea (UE-27),European Union (EU-27),LUX
UE,bloc,Unión Europea (UE-27),European Union (EU-27),LVA
UE,bloc,Unión Europea (UE-27),European Union (EU-27),MLT
UE,bloc,Unión Europea (UE-27),European Union (EU-27),NLD
UE,bloc,Unión Europea (UE-27),European Union (EU-27),POL
UE,bloc,Unión Europea (UE-27),European Union (EU-27),PRT
UE,bloc,Unión Europea (UE-27),European Union (EU-27),ROU
UE,bloc,Unión Europea (UE-27),European Union (EU-27),SVK
UE,bloc,Unión Europea (UE-27),European Union (EU-27),SVN
UE,bloc,Unión Europea (UE-27),European Union (EU-27),SWE
BRICS,bloc,BRICS,BRICS,ARE
BRICS,bloc,BRICS,BRICS,BRA
BRICS,bloc,BRICS,BRICS,CHN
BRICS,bloc,BRICS,BRICS,EGY
BRICS,bloc,BRICS,BRICS,ETH
BRICS,bloc,BRICS,BRICS,IDN
BRICS,bloc,BRICS,BRICS,IND
BRICS,bloc,BRICS,BRICS,IRN
BRICS,bloc,BRICS,BRICS,RUS
BRICS,bloc,BRICS,BRICS,ZAF
G7,bloc,G7,G7,CAN
G7,bloc,G7,G7,DEU
G7,bloc,G7,G7,FRA
G7,bloc,G7,G7,GBR
G7,bloc,G7,G7,ITA
G7,bloc,G7,G7,JPN
G7,bloc,G7,G7,USA
AFR,region,África,Africa,AGO
AFR,region,África,Africa,BDI
AFR,region,África,Africa,BEN
AFR,region,África,Africa,BFA
AFR,region,África,Africa,BWA
AFR,region,África,Africa,CAF
AFR,region,África,Africa,CIV
AFR,region,África,Africa,CMR
AFR,region,África,Africa,COD
AFR,region,África,Africa,COG
AFR,region,África,Africa,COM
AFR,region,África,Africa,CPV
AFR,region,África,Africa,DJI
AFR,region,África,Africa,DZA
AFR,region,África,Africa,EGY
AFR,region,África,Africa,ERI
AFR,region,África,Africa,ETH
AFR,region,África,Africa,GAB
AFR,region,África,Africa,GHA
AFR,region,África,Africa,GIN
AFR,region,África,Africa,GMB
AFR,region,África,Africa,GNB
AFR,region,África,Africa,GNQ
AFR,region,África,Africa,KEN
AFR,region,África,Africa,LBR
AFR,region,África,Africa,LBY
AFR,region,África,Africa,LSO
AFR,region,África,Africa,MAR
AFR,region,África,Africa,MDG
AFR,region,África,Africa,MLI
AFR,region,África,Africa,MOZ
AFR,region,África,Africa,MRT
AFR,region,África,Africa,MUS
AFR,region,África,Africa,MWI
AFR,region,África,Africa,NAM
AFR,region,África,Africa,NER
AFR,region,África,Africa,NGA
AFR,region,África,Africa,RWA
AFR,region,África,Africa,SDN
AFR,region,África,Africa,SEN
AFR,region,África,Africa,SLE
AFR,region,África,Africa,SOM
AFR,region,África,Africa,SSD
AFR,region,África,Africa,STP
AFR,region,África,Africa,SWZ
AFR,region,África,Africa,SYC
AFR,region,África,Africa,TCD
AFR,region,África,Africa,TGO
AFR,region,África,Africa,TUN
AFR,region,África,Africa,TZA
AFR,region,África,Africa,UGA
AFR,region,África,Africa,ZAF
AFR,region,África,Africa,ZMB
AFR,region,África,Africa,ZWE
ASP,region,Asia-Pacífico,Asia-Pacific,AFG
ASP,region,Asia-Pacífico,Asia-Pacific,ARE
ASP,region,Asia-Pacífico,Asia-Pacific,ARM
ASP,region,Asia-Pacífico,Asia-Pacific,AUS
ASP,region,Asia-Pacífico,Asia-Pacific,AZE
ASP,region,Asia-Pacífico,Asia-Pacific,BGD
ASP,region,Asia-Pacífico,Asia-Pacific,BHR
ASP,region,Asia-Pacífico,Asia-Pacific,BRN
ASP,region,Asia-Pacífico,Asia-Pacific,BTN
ASP,region,Asia-Pacífico,Asia-Pacific,CHN
ASP,region,Asia-Pacífico,Asia-Pacific,CYP
ASP,region,Asia-Pacífico,Asia-Pacific,FJI
ASP,region,Asia-Pacífico,Asia-Pacific,FSM
ASP,region,Asia-Pacífico,Asia-Pacific,GEO
ASP,region,Asia-Pacífico,Asia-Pacific,IDN
ASP,region,Asia-Pacífico,Asia-Pacific,IND
ASP,region,Asia-Pacífico,Asia-Pacific,IRN
ASP,region,Asia-Pacífico,Asia-Pacific,IRQ
ASP,region,Asia-Pacífico,Asia-Pacific,ISR
ASP,region,Asia-Pacífico,Asia-Pacific,JOR
ASP,region,Asia-Pacífico,Asia-Pacific,JPN
ASP,region,Asia-Pacífico,Asia-Pacific,KAZ
ASP,region,Asia-Pacífico,Asia-Pacific,KGZ
ASP,region,Asia-Pacífico,Asia-Pacific,KHM
ASP,region,Asia-Pacífico,Asia-Pacific,KIR
ASP,region,Asia-Pacífico,Asia-Pacific,KOR
ASP,region,Asia-Pacífico,Asia-Pacific,KWT
ASP,region,Asia-Pacífico,Asia-Pacific,LAO
ASP,region,Asia-Pacífico,Asia-Pacific,LBN
ASP,region,Asia-Pacífico,Asia-Pacific,LKA
ASP,region,Asia-Pacífico,Asia-Pacific,MDV
ASP,region,Asia-Pacífico,Asia-Pacific,MHL
ASP,region,Asia-Pacífico,Asia-Pacific,MMR
ASP,region,Asia-Pacífico,Asia-Pacific,MNG
ASP,region,Asia-Pacífico,Asia-Pacific,MYS
ASP,region,Asia-Pacífico,Asia-Pacific,NPL
ASP,region,Asia-Pacífico,Asia-Pacific,NRO
ASP,region,Asia-Pacífico,Asia-Pacific,NZL
ASP,region,Asia-Pacífico,Asia-Pacific,OMN
ASP,region,Asia-Pacífico,Asia-Pacific,PAK
ASP,region,Asia-Pacífico,Asia-Pacific,PHL
ASP,region,Asia-Pacífico,Asia-Pacific,PLW
ASP,region,Asia-Pacífico,Asia-Pacific,PNG
ASP,region,Asia-Pacífico,Asia-Pacific,PRK
ASP,region,Asia-Pacífico,Asia-Pacific,PSE
ASP,region,Asia-Pacífico,Asia-Pacific,QAT
ASP,region,Asia-Pacífico,Asia-Pacific,SAU
ASP,region,Asia-Pacífico,Asia-Pacific,SGP
ASP,region,Asia-Pacífico,Asia-Pacific,SLB
ASP,region,Asia-Pacífico,Asia-Pacific,SYR
ASP,region,Asia-Pacífico,Asia-Pacific,THA
ASP,region,Asia-Pacífico,Asia-Pacific,TJK
ASP,region,Asia-Pacífico,Asia-Pacific,TKM
ASP,region,Asia-Pacífico,Asia-Pacific,TLS
ASP,region,Asia-Pacífico,Asia-Pacific,TON
ASP,region,Asia-Pacífico,Asia-Pacific,TUR
ASP,region,Asia-Pacífico,Asia-Pacific,TUV
ASP,region,Asia-Pacífico,Asia-Pacific,UZB
ASP,region,Asia-Pacífico,Asia-Pacific,VNM
ASP,region,Asia-Pacífico,Asia-Pacific,VUT
ASP,region,Asia-Pacífico,Asia-Pacific,WSM
ASP,region,Asia-Pacífico,Asia-Pacific,YEM
ASP,region,Asia-Pacífico,Asia-Pacific,YMD
