iso3,from_year,to_year,name_en,name_es
BEN,1960,1975,Dahomey,Dahomey
BFA,1960,1983,Upper Volta,Alto Volta
BLR,1946,1990,Byelorussian SSR,RSS de Bielorrusia
CAF,1977,1978,Central African Empire,Imperio Centroafricano
CHN,1946,1971,Republic of China,República de China
COD,1960,1963,Congo (Léopoldville),Congo (Léopoldville)
COD,1972,1996,Zaire,Zaire
CSK,1946,1992,Czechoslovakia,Checoslovaquia
DDR,1973,1990,East Germany (GDR),Alemania Oriental (RDA)
DEU,1973,1990,West Germany (FRG),Alemania Occidental (RFA)
EGY,1958,1970,United Arab Republic,República Árabe Unida
KHM,1971,1974,Khmer Republic,República Jemer
KHM,1976,1989,Democratic Kampuchea,Kampuchea Democrática
LKA,1955,1971,Ceylon,Ceilán
MKD,1993,2018,Macedonia (FYROM),Macedonia (ERYM)
MMR,1948,1988,Burma,Birmania
MYS,1957,1962,Malaya,Malaya
NRO,2000,2025,Nauru,Nauru
RUS,1946,1991,USSR,URSS
SWZ,1968,2017,Swaziland,Suazilandia
THA,1946,1948,Siam,Siam
TZA,1961,1963,Tanganyika,Tanganica
UKR,1946,1990,Ukrainian SSR,RSS de Ucrania
WSM,1976,1996,Western Samoa,Samoa Occidental
YEM,1947,1989,North Yemen,Yemen del Norte
YMD,1967,1989,South Yemen,Yemen del Sur
YUG,1946,1962,Yugoslavia (FPRY),Yugoslavia (RFPY)
YUG,1963,1991,Yugoslavia (SFRY),Yugoslavia (RFSY)
YUG,2000,2002,Yugoslavia (FRY),Yugoslavia (RFY)
YUG,2003,2005,Serbia and Montenegro,Serbia y Montenegro
