office_acronym,relation,iso3
ROSEAP,"partner (website list, not in 2025 beneficiary list)",AUS
ROSEAP,"partner (website list, not in 2025 beneficiary list)",NZL
ROSEAP,"partner (website list, not in 2025 beneficiary list)",PRK
ROSEAP,coordinates/collaborates only,CHN
ROSEAP,coordinates/collaborates only,JPN
ROSEE,partner for specific projects,HRV
ROSEE,partner for specific projects,ROU
ROSEE,partner for specific projects,SVN
ROSEE,partner for specific projects,CYP
ROCA,"regional networks only (CASC, port control)",ARM
ROCA,"regional networks only (CASC, port control)",AZE
ROCA,"regional networks only (CASC, port control)",GEO
