office_acronym,office_name_en,office_name_es,iso3
ROCOL,UNODC Regional Office for the Andean Region and the Southern Cone,Oficina Regional de UNODC para la Región Andina y el Cono Sur,ARG
ROCOL,UNODC Regional Office for the Andean Region and the Southern Cone,Oficina Regional de UNODC para la Región Andina y el Cono Sur,BOL
ROCOL,UNODC Regional Office for the Andean Region and the Southern Cone,Oficina Regional de UNODC para la Región Andina y el Cono Sur,CHL
ROCOL,UNODC Regional Office for the Andean Region and the Southern Cone,Oficina Regional de UNODC para la Región Andina y el Cono Sur,COL
ROCOL,UNODC Regional Office for the Andean Region and the Southern Cone,Oficina Regional de UNODC para la Región Andina y el Cono Sur,ECU
ROCOL,UNODC Regional Office for the Andean Region and the Southern Cone,Oficina Regional de UNODC para la Región Andina y el Cono Sur,PRY
ROCOL,UNODC Regional Office for the Andean Region and the Southern Cone,Oficina Regional de UNODC para la Región Andina y el Cono Sur,PER
ROCOL,UNODC Regional Office for the Andean Region and the Southern Cone,Oficina Regional de UNODC para la Región Andina y el Cono Sur,URY
COFRB,UNODC Country Office in Brazil,,BRA
LPOMEX,UNODC Liaison and Partnership Office in Mexico,Oficina de Enlace y Asociación Estratégica de UNODC en México,MEX
ROPAN,UNODC Regional Office for Central America and the Caribbean,Oficina Regional de UNODC para América Central y el Caribe,BLZ
ROPAN,UNODC Regional Office for Central America and the Caribbean,Oficina Regional de UNODC para América Central y el Caribe,CRI
ROPAN,UNODC Regional Office for Central America and the Caribbean,Oficina Regional de UNODC para América Central y el Caribe,SLV
ROPAN,UNODC Regional Office for Central America and the Caribbean,Oficina Regional de UNODC para América Central y el Caribe,GTM
ROPAN,UNODC Regional Office for Central America and the Caribbean,Oficina Regional de UNODC para América Central y el Caribe,HND
ROPAN,UNODC Regional Office for Central America and the Caribbean,Oficina Regional de UNODC para América Central y el Caribe,NIC
ROPAN,UNODC Regional Office for Central America and the Caribbean,Oficina Regional de UNODC para América Central y el Caribe,PAN
ROPAN,UNODC Regional Office for Central America and the Caribbean,Oficina Regional de UNODC para América Central y el Caribe,ATG
ROPAN,UNODC Regional Office for Central America and the Caribbean,Oficina Regional de UNODC para América Central y el Caribe,BHS
ROPAN,UNODC Regional Office for Central America and the Caribbean,Oficina Regional de UNODC para América Central y el Caribe,BRB
ROPAN,UNODC Regional Office for Central America and the Caribbean,Oficina Regional de UNODC para América Central y el Caribe,CUB
ROPAN,UNODC Regional Office for Central America and the Caribbean,Oficina Regional de UNODC para América Central y el Caribe,DMA
ROPAN,UNODC Regional Office for Central America and the Caribbean,Oficina Regional de UNODC para América Central y el Caribe,DOM
ROPAN,UNODC Regional Office for Central America and the Caribbean,Oficina Regional de UNODC para América Central y el Caribe,GRD
ROPAN,UNODC Regional Office for Central America and the Caribbean,Oficina Regional de UNODC para América Central y el Caribe,HTI
ROPAN,UNODC Regional Office for Central America and the Caribbean,Oficina Regional de UNODC para América Central y el Caribe,JAM
ROPAN,UNODC Regional Office for Central America and the Caribbean,Oficina Regional de UNODC para América Central y el Caribe,KNA
ROPAN,UNODC Regional Office for Central America and the Caribbean,Oficina Regional de UNODC para América Central y el Caribe,LCA
ROPAN,UNODC Regional Office for Central America and the Caribbean,Oficina Regional de UNODC para América Central y el Caribe,VCT
ROPAN,UNODC Regional Office for Central America and the Caribbean,Oficina Regional de UNODC para América Central y el Caribe,SXM
ROPAN,UNODC Regional Office for Central America and the Caribbean,Oficina Regional de UNODC para América Central y el Caribe,TTO
ROPAN,UNODC Regional Office for Central America and the Caribbean,Oficina Regional de UNODC para América Central y el Caribe,GUY
ROPAN,UNODC Regional Office for Central America and the Caribbean,Oficina Regional de UNODC para América Central y el Caribe,SUR
ROSEN,UNODC Regional Office for West and Central Africa,,BEN
ROSEN,UNODC Regional Office for West and Central Africa,,BFA
ROSEN,UNODC Regional Office for West and Central Africa,,CPV
ROSEN,UNODC Regional Office for West and Central Africa,,CIV
ROSEN,UNODC Regional Office for West and Central Africa,,GMB
ROSEN,UNODC Regional Office for West and Central Africa,,GHA
ROSEN,UNODC Regional Office for West and Central Africa,,GIN
ROSEN,UNODC Regional Office for West and Central Africa,,GNB
ROSEN,UNODC Regional Office for West and Central Africa,,LBR
ROSEN,UNODC Regional Office for West and Central Africa,,MLI
ROSEN,UNODC Regional Office for West and Central Africa,,MRT
ROSEN,UNODC Regional Office for West and Central Africa,,NER
ROSEN,UNODC Regional Office for West and Central Africa,,SEN
ROSEN,UNODC Regional Office for West and Central Africa,,SLE
ROSEN,UNODC Regional Office for West and Central Africa,,TGO
ROSEN,UNODC Regional Office for West and Central Africa,,CMR
ROSEN,UNODC Regional Office for West and Central Africa,,CAF
ROSEN,UNODC Regional Office for West and Central Africa,,TCD
ROSEN,UNODC Regional Office for West and Central Africa,,COG
ROSEN,UNODC Regional Office for West and Central Africa,,GNQ
ROSEN,UNODC Regional Office for West and Central Africa,,GAB
ROSEN,UNODC Regional Office for West and Central Africa,,STP
CONIG,UNODC Country Office in Nigeria,,NGA
ROSAF,UNODC Regional Office for Southern Africa,,AGO
ROSAF,UNODC Regional Office for Southern Africa,,BWA
ROSAF,UNODC Regional Office for Southern Africa,,COD
ROSAF,UNODC Regional Office for Southern Africa,,LSO
ROSAF,UNODC Regional Office for Southern Africa,,MWI
ROSAF,UNODC Regional Office for Southern Africa,,MOZ
ROSAF,UNODC Regional Office for Southern Africa,,NAM
ROSAF,UNODC Regional Office for Southern Africa,,ZAF
ROSAF,UNODC Regional Office for Southern Africa,,SWZ
ROSAF,UNODC Regional Office for Southern Africa,,ZMB
ROSAF,UNODC Regional Office for Southern Africa,,ZWE
ROEA,UNODC Regional Office for Eastern Africa,,BDI
ROEA,UNODC Regional Office for Eastern Africa,,KEN
ROEA,UNODC Regional Office for Eastern Africa,,RWA
ROEA,UNODC Regional Office for Eastern Africa,,TZA
ROEA,UNODC Regional Office for Eastern Africa,,UGA
ROEA,UNODC Regional Office for Eastern Africa,,DJI
ROEA,UNODC Regional Office for Eastern Africa,,ERI
ROEA,UNODC Regional Office for Eastern Africa,,ETH
ROEA,UNODC Regional Office for Eastern Africa,,SOM
ROEA,UNODC Regional Office for Eastern Africa,,COM
ROEA,UNODC Regional Office for Eastern Africa,,MDG
ROEA,UNODC Regional Office for Eastern Africa,,MUS
ROEA,UNODC Regional Office for Eastern Africa,,SYC
ROMENA,UNODC Regional Office for the Middle East and North Africa,,DZA
ROMENA,UNODC Regional Office for the Middle East and North Africa,,EGY
ROMENA,UNODC Regional Office for the Middle East and North Africa,,IRQ
ROMENA,UNODC Regional Office for the Middle East and North Africa,,JOR
ROMENA,UNODC Regional Office for the Middle East and North Africa,,LBN
ROMENA,UNODC Regional Office for the Middle East and North Africa,,LBY
ROMENA,UNODC Regional Office for the Middle East and North Africa,,MAR
ROMENA,UNODC Regional Office for the Middle East and North Africa,,PSE
ROMENA,UNODC Regional Office for the Middle East and North Africa,,SDN
ROMENA,UNODC Regional Office for the Middle East and North Africa,,SSD
ROMENA,UNODC Regional Office for the Middle East and North Africa,,SYR
ROMENA,UNODC Regional Office for the Middle East and North Africa,,TUN
ROMENA,UNODC Regional Office for the Middle East and North Africa,,YEM
OGCCR,UNODC Office for the Gulf Cooperation Council Region,,BHR
OGCCR,UNODC Office for the Gulf Cooperation Council Region,,KWT
OGCCR,UNODC Office for the Gulf Cooperation Council Region,,OMN
OGCCR,UNODC Office for the Gulf Cooperation Council Region,,QAT
OGCCR,UNODC Office for the Gulf Cooperation Council Region,,SAU
OGCCR,UNODC Office for the Gulf Cooperation Council Region,,ARE
ROCA,"UNODC Regional Office for Afghanistan, Central Asia, Iran and Pakistan",,AFG
ROCA,"UNODC Regional Office for Afghanistan, Central Asia, Iran and Pakistan",,IRN
ROCA,"UNODC Regional Office for Afghanistan, Central Asia, Iran and Pakistan",,PAK
ROCA,"UNODC Regional Office for Afghanistan, Central Asia, Iran and Pakistan",,KAZ
ROCA,"UNODC Regional Office for Afghanistan, Central Asia, Iran and Pakistan",,KGZ
ROCA,"UNODC Regional Office for Afghanistan, Central Asia, Iran and Pakistan",,TJK
ROCA,"UNODC Regional Office for Afghanistan, Central Asia, Iran and Pakistan",,TKM
ROCA,"UNODC Regional Office for Afghanistan, Central Asia, Iran and Pakistan",,UZB
ROSA,UNODC Regional Office for South Asia,,BGD
ROSA,UNODC Regional Office for South Asia,,BTN
ROSA,UNODC Regional Office for South Asia,,IND
ROSA,UNODC Regional Office for South Asia,,MDV
ROSA,UNODC Regional Office for South Asia,,NPL
ROSA,UNODC Regional Office for South Asia,,LKA
ROSEAP,UNODC Regional Office for Southeast Asia and the Pacific,,BRN
ROSEAP,UNODC Regional Office for Southeast Asia and the Pacific,,KHM
ROSEAP,UNODC Regional Office for Southeast Asia and the Pacific,,IDN
ROSEAP,UNODC Regional Office for Southeast Asia and the Pacific,,LAO
ROSEAP,UNODC Regional Office for Southeast Asia and the Pacific,,MYS
ROSEAP,UNODC Regional Office for Southeast Asia and the Pacific,,MMR
ROSEAP,UNODC Regional Office for Southeast Asia and the Pacific,,PHL
ROSEAP,UNODC Regional Office for Southeast Asia and the Pacific,,SGP
ROSEAP,UNODC Regional Office for Southeast Asia and the Pacific,,THA
ROSEAP,UNODC Regional Office for Southeast Asia and the Pacific,,TLS
ROSEAP,UNODC Regional Office for Southeast Asia and the Pacific,,VNM
ROSEAP,UNODC Regional Office for Southeast Asia and the Pacific,,COK
ROSEAP,UNODC Regional Office for Southeast Asia and the Pacific,,FJI
ROSEAP,UNODC Regional Office for Southeast Asia and the Pacific,,PYF
ROSEAP,UNODC Regional Office for Southeast Asia and the Pacific,,KIR
ROSEAP,UNODC Regional Office for Southeast Asia and the Pacific,,MHL
ROSEAP,UNODC Regional Office for Southeast Asia and the Pacific,,FSM
ROSEAP,UNODC Regional Office for Southeast Asia and the Pacific,,NRO
ROSEAP,UNODC Regional Office for Southeast Asia and the Pacific,,NCL
ROSEAP,UNODC Regional Office for Southeast Asia and the Pacific,,NIU
ROSEAP,UNODC Regional Office for Southeast Asia and the Pacific,,PLW
ROSEAP,UNODC Regional Office for Southeast Asia and the Pacific,,PNG
ROSEAP,UNODC Regional Office for Southeast Asia and the Pacific,,WSM
ROSEAP,UNODC Regional Office for Southeast Asia and the Pacific,,SLB
ROSEAP,UNODC Regional Office for Southeast Asia and the Pacific,,TON
ROSEAP,UNODC Regional Office for Southeast Asia and the Pacific,,TUV
ROSEAP,UNODC Regional Office for Southeast Asia and the Pacific,,VUT
ROSEAP,UNODC Regional Office for Southeast Asia and the Pacific,,MNG
ROSEAP,UNODC Regional Office for Southeast Asia and the Pacific,,KOR
ROSEE,UNODC Regional Office for South-Eastern Europe,,ALB
ROSEE,UNODC Regional Office for South-Eastern Europe,,BIH
ROSEE,UNODC Regional Office for South-Eastern Europe,,MNE
ROSEE,UNODC Regional Office for South-Eastern Europe,,MKD
ROSEE,UNODC Regional Office for South-Eastern Europe,,SRB
ROSEE,UNODC Regional Office for South-Eastern Europe,,XKX
ROSEE,UNODC Regional Office for South-Eastern Europe,,TUR
POUKR,UNODC Programme Office in Ukraine (UNODC in Ukraine and Moldova),,UKR
POUKR,UNODC Programme Office in Ukraine (UNODC in Ukraine and Moldova),,MDA
HQ,"UNODC Headquarters, Vienna",,AUT
BRULO,UNODC Liaison Office in Brussels,,BEL
NYLO,UNODC Liaison Office in New York,,USA
