Year,Session,ISO Code,Country,Name of Person Speaking,Post,Date,Language,EN audio,Source URL
2026,81,AGO,Angola,João Manuel Gonçalves Lourenço,President,2026-09-22,,yes,https://gadebate.un.org/en/81/angola
2026,81,ALB,Albania,Edi Rama,Prime Minister,2026-09-25,,yes,https://gadebate.un.org/en/81/albania
2026,81,AND,Andorra,Xavier Espot Zamora,Head of Government,2026-09-23,,yes,https://gadebate.un.org/en/81/andorra
2026,81,ARE,United Arab Emirates,Khalifa Shaheen Al Marar,Minister of State,2026-09-28,,yes,https://gadebate.un.org/en/81/united-arab-emirates
2026,81,ARG,Argentina,Javier Gerardo Milei,President,2026-09-23,,yes,https://gadebate.un.org/en/81/argentina
2026,81,ARM,Armenia,Nikol Pashinyan,Prime Minister,2026-09-24,,yes,https://gadebate.un.org/en/81/armenia
2026,81,ATG,Antigua and Barbuda,Walton Alfonso Webson,Permanent Representative to the United Nations,2026-09-28,,yes,https://gadebate.un.org/en/81/antigua-and-barbuda
2026,81,AUS,Australia,Anthony Albanese,Prime Minister,2026-09-24,,yes,https://gadebate.un.org/en/81/australia
2026,81,AUT,Austria,Beate Meinl-Reisinger,Federal Minister for European and International Affairs,2026-09-24,,yes,https://gadebate.un.org/en/81/austria
2026,81,AZE,Azerbaijan,Jeyhun Aziz oglu Bayramov,Minister for Foreign Affairs,2026-09-25,,yes,https://gadebate.un.org/en/81/azerbaijan
2026,81,BDI,Burundi,Évariste Ndayishimiye,President,2026-09-23,,yes,https://gadebate.un.org/en/81/burundi
2026,81,BEL,Belgium,Maxime Prévot,Deputy Prime Minister,2026-09-22,,yes,https://gadebate.un.org/en/81/belgium
2026,81,BEN,Benin,Marc Hermanne Gninadoou Araba,Permanent Representative to the United Nations,2026-09-28,,yes,https://gadebate.un.org/en/81/benin
2026,81,BFA,Burkina Faso,Karamoko Jean Marie Traoré,Minister for Foreign Affairs,2026-09-28,,yes,https://gadebate.un.org/en/81/burkina-faso
2026,81,BGD,Bangladesh,Tarique Rahman,Prime Minister,2026-09-24,,yes,https://gadebate.un.org/en/81/bangladesh
2026,81,BGR,Bulgaria,Iliana Iotova,President,2026-09-23,,yes,https://gadebate.un.org/en/81/bulgaria
2026,81,BHR,Bahrain,Abdullatif bin Rashid Al Zayani,Minister for Foreign Affairs,2026-09-25,,yes,https://gadebate.un.org/en/81/bahrain
2026,81,BHS,Bahamas,Philip Edward Davis,Prime Minister,2026-09-25,,yes,https://gadebate.un.org/en/81/bahamas
2026,81,BIH,Bosnia and Herzegovina,Denis Bećirović,Chairman of the Presidency,2026-09-22,,yes,https://gadebate.un.org/en/81/bosnia-and-herzegovina
2026,81,BLR,Belarus,Maxim Ryzhenkov,Minister for Foreign Affairs,2026-09-26,,yes,https://gadebate.un.org/en/81/belarus
2026,81,BLZ,Belize,John Briceño,Prime Minister,2026-09-26,,yes,https://gadebate.un.org/en/81/belize
2026,81,BOL,Bolivia (Plurinational State of),Rodrigo Paz Pereira,Constitutional President,2026-09-24,,yes,https://gadebate.un.org/en/81/bolivia-plurinational-state
2026,81,BRA,Brazil,Luiz Inácio Lula Da Silva,President,2026-09-22,,yes,https://gadebate.un.org/en/81/brazil
2026,81,BRB,Barbados,Mia Amor Mottley,Prime Minister,2026-09-24,,yes,https://gadebate.un.org/en/81/barbados
2026,81,BRN,Brunei Darussalam,Prince 'Abdul Mateen,Minister for Foreign Affairs,2026-09-26,,yes,https://gadebate.un.org/en/81/brunei-darussalam
2026,81,BTN,Bhutan,Tshering Tobgay,Prime Minister,2026-09-22,,yes,https://gadebate.un.org/en/81/bhutan
2026,81,BWA,Botswana,Duma Gideon Boko,President,2026-09-23,,yes,https://gadebate.un.org/en/81/botswana
2026,81,CAF,Central African Republic,Faustin Archange Touadera,Head of State,2026-09-23,,yes,https://gadebate.un.org/en/81/central-african-republic
2026,81,CAN,Canada,Anita Anand,Minister for Foreign Affairs,2026-09-26,,yes,https://gadebate.un.org/en/81/canada
2026,81,CHE,Switzerland,Guy Parmelin,President,2026-09-22,,yes,https://gadebate.un.org/en/81/switzerland
2026,81,CHL,Chile,José Antonio Kast,President,2026-09-22,,yes,https://gadebate.un.org/en/81/chile
2026,81,CHN,China,Han Zheng,Vice President,2026-09-26,,yes,https://gadebate.un.org/en/81/china
2026,81,CIV,Côte d'Ivoire,Tiémoko Meyliet Koné,Vice President,2026-09-24,,yes,https://gadebate.un.org/en/81/cote-divoire
2026,81,CMR,Cameroon,Lejeune Mbella Mbella,Minister for Foreign Affairs,2026-09-26,,yes,https://gadebate.un.org/en/81/cameroon
2026,81,COD,Democratic Republic of the Congo,Judith Suminwa Tuluka,Prime Minister,2026-09-23,,yes,https://gadebate.un.org/en/81/democratic-republic-congo
2026,81,COG,Congo,Constant Serge Bounda,"Minister for Foreign Affairs, La Francophonie and Congolese Abroad",2026-09-28,,yes,https://gadebate.un.org/en/81/congo
2026,81,COL,Colombia,José Manuel Restrepo,Vice President,2026-09-24,,yes,https://gadebate.un.org/en/81/colombia
2026,81,COM,Comoros,Azali Assoumani,President,2026-09-24,,yes,https://gadebate.un.org/en/81/comoros
2026,81,CPV,Cabo Verde,Francisco Avelino Vieira de Carvalho,Prime Minister,2026-09-26,,yes,https://gadebate.un.org/en/81/cabo-verde
2026,81,CRI,Costa Rica,Boris Vasir Marchegiani Carrero,Permanent Representative to the United Nations,2026-09-28,,yes,https://gadebate.un.org/en/81/costa-rica
2026,81,CUB,Cuba,Bruno Eduardo Rodríguez Parrilla,Minister for Foreign Affairs,2026-09-26,,yes,https://gadebate.un.org/en/81/cuba
2026,81,CYP,Cyprus,Nikos Christodoulides,President,2026-09-23,,yes,https://gadebate.un.org/en/81/cyprus
2026,81,CZE,Czechia,Petr Pavel,President,2026-09-23,,yes,https://gadebate.un.org/en/81/czechia
2026,81,DEU,Germany,Johann Wadephul,Federal Minister for Foreign Affairs,2026-09-26,,yes,https://gadebate.un.org/en/81/germany
2026,81,DJI,Djibouti,Abdoulkader Houssein Omar,Minister for Foreign Affairs and International Cooperation,2026-09-26,,yes,https://gadebate.un.org/en/81/djibouti
2026,81,DMA,Dominica,Sylvanie Burton,President,2026-09-22,,yes,https://gadebate.un.org/en/81/dominica
2026,81,DNK,Denmark,Christina Markus Lassen,Permanent Representative to the United Nations,2026-09-28,,yes,https://gadebate.un.org/en/81/denmark
2026,81,DOM,Dominican Republic,Luis Rodolfo Abinader Corona,President,2026-09-23,,yes,https://gadebate.un.org/en/81/dominican-republic
2026,81,DZA,Algeria,Ahmed Attaf,Minister of State,2026-09-28,,yes,https://gadebate.un.org/en/81/algeria
2026,81,ECU,Ecuador,Daniel Roy-Gilchrist Noboa Azin,Constitutional President,2026-09-23,,yes,https://gadebate.un.org/en/81/ecuador
2026,81,EGY,Egypt,Moustafa Kamal Madbouly,Prime Minister,2026-09-25,,yes,https://gadebate.un.org/en/81/egypt
2026,81,ERI,Eritrea,Osman Saleh Mohammed,Minister for Foreign Affairs,2026-09-28,,yes,https://gadebate.un.org/en/81/eritrea
2026,81,ESP,Spain,Pedro Sánchez Pérez-Castejón,President,2026-09-23,,yes,https://gadebate.un.org/en/81/spain
2026,81,EST,Estonia,Alar Karis,President,2026-09-23,,yes,https://gadebate.un.org/en/81/estonia
2026,81,ETH,Ethiopia,Taye Atske-Selassie Amde,President,2026-09-23,,yes,https://gadebate.un.org/en/81/ethiopia
2026,81,EU,European Union,António Costa,President of the European Council,2026-09-24,,yes,https://gadebate.un.org/en/81/european-union
2026,81,FIN,Finland,Alexander Stubb,President,2026-09-22,,yes,https://gadebate.un.org/en/81/finland
2026,81,FJI,Fiji,Ratu Naiqama Tawakecolati Lalabalavu,President,2026-09-24,,yes,https://gadebate.un.org/en/81/fiji
2026,81,FRA,France,Emmanuel Macron,President,2026-09-22,,yes,https://gadebate.un.org/en/81/france
2026,81,FSM,Micronesia (Federated States of),Aren Palik,Vice President,2026-09-26,,yes,https://gadebate.un.org/en/81/micronesia-federated-states
2026,81,GAB,Gabon,Marie-Édith Tassyla-Ye-Doumbeneny,"Minister for Foreign Affairs and Cooperation, in charge of Integration and the Diaspora",2026-09-26,,yes,https://gadebate.un.org/en/81/gabon
2026,81,GBR,United Kingdom of Great Britain and Northern Ireland,Andy Burnham,Prime Minister,2026-09-22,,yes,https://gadebate.un.org/en/81/united-kingdom-great-britain-and-northern-ireland
2026,81,GEO,Georgia,Irakli Kobakhidzhe,Prime Minister,2026-09-24,,yes,https://gadebate.un.org/en/81/georgia
2026,81,GHA,Ghana,John Dramani Mahama,President,2026-09-24,,yes,https://gadebate.un.org/en/81/ghana
2026,81,GIN,Guinea,Mamadi Doumbouya,President,2026-09-23,,yes,https://gadebate.un.org/en/81/guinea
2026,81,GMB,Gambia,Mohammed Jallow,Vice President,2026-09-24,,yes,https://gadebate.un.org/en/81/gambia-republic
2026,81,GNB,Guinea-Bissau,Ilídio Vieira Té,Prime Minister,2026-09-25,,yes,https://gadebate.un.org/en/81/guinea-bissau
2026,81,GNQ,Equatorial Guinea,Teodoro Nguema Obiang Mangue,Vice President,2026-09-24,,yes,https://gadebate.un.org/en/81/equatorial-guinea
2026,81,GRC,Greece,Kyriakos Mitsotakis,Prime Minister,2026-09-24,,yes,https://gadebate.un.org/en/81/greece
2026,81,GRD,Grenada,Ingrid Jackson,Permanent Representative to the United Nations,2026-09-28,,yes,https://gadebate.un.org/en/81/grenada
2026,81,GTM,Guatemala,Carlos Ramiro Martínez Alvarado,Minister for Foreign Affairs,2026-09-25,,yes,https://gadebate.un.org/en/81/guatemala
2026,81,GUY,Guyana,Mohamed Irfaan Ali,President,2026-09-24,,yes,https://gadebate.un.org/en/81/guyana
2026,81,HND,Honduras,Nasry Juan Asfura Zablah,President,2026-09-23,,yes,https://gadebate.un.org/en/81/honduras
2026,81,HRV,Croatia,Andrej Plenković,Prime Minister,2026-09-22,,yes,https://gadebate.un.org/en/81/croatia
2026,81,HTI,Haiti,Alix Didier Fils-Aimé,Prime Minister,2026-09-25,,yes,https://gadebate.un.org/en/81/haiti
2026,81,HUN,Hungary,András Bálint Baka,President,2026-09-24,,yes,https://gadebate.un.org/en/81/hungary
2026,81,IDN,Indonesia,Sugiono,Minister for Foreign Affairs,2026-09-26,,yes,https://gadebate.un.org/en/81/indonesia
2026,81,IND,India,Subrahmanyam Jaishankar,Minister for External Affairs,2026-09-26,,yes,https://gadebate.un.org/en/81/india
2026,81,IRL,Ireland,Micheál Martin,Taoiseach,2026-09-24,,yes,https://gadebate.un.org/en/81/ireland
2026,81,IRN,Iran (Islamic Republic of),Masoud Pezeshkian,President,2026-09-23,,yes,https://gadebate.un.org/en/81/iran-islamic-republic
2026,81,IRQ,Iraq,Ali Falih Al-Zaidi,Prime Minister,2026-09-25,,yes,https://gadebate.un.org/en/81/iraq
2026,81,ISL,Iceland,Thorgerdur Katrín Gunnarsdóttir,Minister for Foreign Affairs,2026-09-26,,yes,https://gadebate.un.org/en/81/iceland
2026,81,ISR,Israel,Benjamin Netanyahu,Prime Minister,2026-09-24,,yes,https://gadebate.un.org/en/81/israel
2026,81,ITA,Italy,Antonio Tajani,Deputy Prime Minister,2026-09-23,,yes,https://gadebate.un.org/en/81/italy
2026,81,JAM,Jamaica,Kamina Johnson Smith,Minister for Foreign Affairs and Foreign Trade,2026-09-26,,yes,https://gadebate.un.org/en/81/jamaica
2026,81,JOR,Jordan,Abdullah II ibn Al Hussein,King,2026-09-22,,yes,https://gadebate.un.org/en/81/jordan
2026,81,JPN,Japan,Takaichi Sanae,Prime Minister,2026-09-22,,yes,https://gadebate.un.org/en/81/japan
2026,81,KAZ,Kazakhstan,Mukhtar Tileuberdi,Minister for Foreign Affairs,2026-09-25,,yes,https://gadebate.un.org/en/81/kazakhstan
2026,81,KEN,Kenya,William Samoei Ruto,President,2026-09-23,,yes,https://gadebate.un.org/en/81/kenya
2026,81,KGZ,Kyrgyzstan,Sadyr Zhaparov,President,2026-09-22,,yes,https://gadebate.un.org/en/81/kyrgyzstan
2026,81,KHM,Cambodia,Sokhonn Prak,Deputy Prime Minister,2026-09-26,,yes,https://gadebate.un.org/en/81/cambodia
2026,81,KIR,Kiribati,Taneti Maamau,President,2026-09-25,,yes,https://gadebate.un.org/en/81/kiribati
2026,81,KNA,Saint Kitts and Nevis,Geoffrey Hanley,Deputy Prime Minister,2026-09-25,,yes,https://gadebate.un.org/en/81/saint-kitts-and-nevis
2026,81,KOR,Republic of Korea,Lee Jae Myung,President,2026-09-22,,yes,https://gadebate.un.org/en/81/republic-korea
2026,81,KWT,Kuwait,Sheikh Sabah Al-Khaled Al-Hamad Al-Mubarak Al-Sabah,Crown Prince,2026-09-24,,yes,https://gadebate.un.org/en/81/kuwait
2026,81,LAO,Lao People's Democratic Republic,Thongsavanh Phomvihane,Deputy Prime Minister,2026-09-26,,yes,https://gadebate.un.org/en/81/lao-peoples-democratic-republic
2026,81,LBN,Lebanon,Nawaf Salam,President of the Council of Ministers,2026-09-25,,yes,https://gadebate.un.org/en/81/lebanon
2026,81,LBR,Liberia,Joseph Nyuma Boakai,President,2026-09-24,,yes,https://gadebate.un.org/en/81/liberia
2026,81,LBY,Libya,Mohamed Younis Menfi,President,2026-09-23,,yes,https://gadebate.un.org/en/81/libya
2026,81,LCA,Saint Lucia,Philip J. Pierre,Prime Minister,2026-09-25,,yes,https://gadebate.un.org/en/81/saint-lucia
2026,81,LIE,Liechtenstein,Sabine Monauni,Deputy Prime Minister,2026-09-25,,yes,https://gadebate.un.org/en/81/liechtenstein
2026,81,LKA,Sri Lanka,Vijitha Herath,Minister for Foreign Affairs,2026-09-28,,yes,https://gadebate.un.org/en/81/sri-lanka
2026,81,LSO,Lesotho,Samuel Ntsokoane Matekane,Prime Minister,2026-09-25,,yes,https://gadebate.un.org/en/81/lesotho
2026,81,LTU,Lithuania,Gitanas Nausėda,President,2026-09-22,,yes,https://gadebate.un.org/en/81/lithuania
2026,81,LUX,Luxembourg,Guillaume of Luxembourg,Grand Duke,2026-09-22,,yes,https://gadebate.un.org/en/81/luxembourg
2026,81,LVA,Latvia,Edgars Rinkēvičs,President,2026-09-23,,yes,https://gadebate.un.org/en/81/latvia
2026,81,MAR,Morocco,Nasser Bourita,"Minister of Foreign Affairs, African Cooperation and Moroccans Abroad",2026-09-22,,yes,https://gadebate.un.org/en/81/morocco
2026,81,MCO,Monaco,Christophe Mirmand,Minister of State,2026-09-25,,yes,https://gadebate.un.org/en/81/monaco
2026,81,MDA,Republic of Moldova,Vasile Tofan,Prime Minister,2026-09-26,,yes,https://gadebate.un.org/en/81/republic-moldova
2026,81,MDG,Madagascar,Michaël Randrianirina,President of the Refoundation of the Republic,2026-09-24,,yes,https://gadebate.un.org/en/81/madagascar
2026,81,MDV,Maldives,Hussain Mohamed Latheef,Vice President,2026-09-25,,yes,https://gadebate.un.org/en/81/maldives
2026,81,MEX,Mexico,Roberto Velasco Álvarez,Minister for Foreign Affairs,2026-09-25,,yes,https://gadebate.un.org/en/81/mexico
2026,81,MHL,Marshall Islands,Hilda Heine,President,2026-09-25,,yes,https://gadebate.un.org/en/81/marshall-islands
2026,81,MKD,Republic of North Macedonia,Hristijan Mickoski,President of the Government,2026-09-25,,yes,https://gadebate.un.org/en/81/north-macedonia
2026,81,MLI,Mali,Abdoulaye Diop,Minister for Foreign Affairs and International Cooperation,2026-09-28,,yes,https://gadebate.un.org/en/81/mali
2026,81,MLT,Malta,Robert Abela,Prime Minister,2026-09-25,,yes,https://gadebate.un.org/en/81/malta
2026,81,MNE,Montenegro,Jakov Milatović,President,2026-09-23,,yes,https://gadebate.un.org/en/81/montenegro
2026,81,MNG,Mongolia,Khurelsukh Ukhnaa,President,2026-09-22,,yes,https://gadebate.un.org/en/81/mongolia
2026,81,MOZ,Mozambique,Daniel Francisco Chapo,President,2026-09-23,,yes,https://gadebate.un.org/en/81/mozambique
2026,81,MRT,Mauritania,Mohamed Salem Merzoug,"Minister for Foreign Affairs, African Cooperation and Mauritanians Abroad",2026-09-25,,yes,https://gadebate.un.org/en/81/mauritania
2026,81,MUS,Mauritius,Dhananjay Ramful,"Minister of Foreign Affairs, Regional Integration and International Trade",2026-09-25,,yes,https://gadebate.un.org/en/81/mauritius
2026,81,MWI,Malawi,George Chapatula Chaponda,Minister for Foreign Affairs,2026-09-28,,yes,https://gadebate.un.org/en/81/malawi
2026,81,MYS,Malaysia,Mohamad Haji Hasan,Minister for Foreign Affairs,2026-09-26,,yes,https://gadebate.un.org/en/81/malaysia
2026,81,NAM,Namibia,Netumbo Nandi-Ndaitwah,President,2026-09-23,,yes,https://gadebate.un.org/en/81/namibia
2026,81,NER,Niger,Lamine Zeine Ali Mahaman,Prime Minister,2026-09-25,,yes,https://gadebate.un.org/en/81/niger
2026,81,NGA,Nigeria,Kashim Shettima,Vice President,2026-09-24,,yes,https://gadebate.un.org/en/81/nigeria
2026,81,NIC,Nicaragua,Valdrack Ludwing Jaentschke Whitaker,Minister for Foreign Affairs,2026-09-26,,yes,https://gadebate.un.org/en/81/nicaragua
2026,81,NLD,Netherlands (Kingdom of the),Rob Jetten,Prime Minister,2026-09-24,,yes,https://gadebate.un.org/en/81/netherlands-kingdom
2026,81,NOR,Norway,Espen Barth Eide,Minister for Foreign Affairs,2026-09-25,,yes,https://gadebate.un.org/en/81/norway
2026,81,NPL,Nepal,Balendra Shah,Prime Minister,2026-09-24,,yes,https://gadebate.un.org/en/81/nepal
2026,81,NRO,Naoero,David Ranibok Adeang,President and Head of State,2026-09-22,,yes,https://s3.amazonaws.com/downloads.unmultimedia.org/radio/library/ltd/mp3/ga/2026/81_NR_EN.mp3
2026,81,NZL,New Zealand,Victoria Louise Hallum,Permanent Representative to the United Nations,2026-09-28,,yes,https://gadebate.un.org/en/81/new-zealand
2026,81,OMN,Oman,Sayyid Badr bin Hamad bin Hamood Albusaidi,Foreign Minister,2026-09-26,,yes,https://gadebate.un.org/en/81/oman
2026,81,PAK,Pakistan,Muhammad Shehbaz Sharif,Prime Minister,2026-09-25,,yes,https://gadebate.un.org/en/81/pakistan
2026,81,PAN,Panama,José Raúl Mulino Quintero,President,2026-09-23,,yes,https://gadebate.un.org/en/81/panama
2026,81,PER,Peru,Keiko Sofia Fujimori Higuchi,President,2026-09-22,,yes,https://gadebate.un.org/en/81/peru
2026,81,PHL,Philippines,Ma. Theresa Lazaro,Secretary for Foreign Affairs,2026-09-26,,yes,https://gadebate.un.org/en/81/philippines
2026,81,PLW,Palau,Surangel Whipps,President,2026-09-23,,yes,https://gadebate.un.org/en/81/palau
2026,81,PNG,Papua New Guinea,James Marape,Prime Minister,2026-09-25,,yes,https://gadebate.un.org/en/81/papua-new-guinea
2026,81,POL,Poland,Karol Nawrocki,President,2026-09-23,,yes,https://gadebate.un.org/en/81/poland
2026,81,PRK,Democratic People's Republic of Korea,Kim Son Gyong,Vice Minister for Foreign Affairs,2026-09-28,,yes,https://gadebate.un.org/en/81/democratic-peoples-republic-korea
2026,81,PRT,Portugal,Luís Montenegro,Prime Minister,2026-09-24,,yes,https://gadebate.un.org/en/81/portugal
2026,81,PRY,Paraguay,Santiago Peña Palacios,President,2026-09-23,,yes,https://gadebate.un.org/en/81/paraguay
2026,81,PSE,State of Palestine,Mahmoud Abbas,President,2026-09-24,,yes,https://gadebate.un.org/en/81/palestine-state
2026,81,QAT,Qatar,Sheikh Tamim bin Hamad Al Thani,Amir,2026-09-22,,yes,https://gadebate.un.org/en/81/qatar
2026,81,ROU,Romania,Nicuşor-Daniel Dan,President,2026-09-23,,yes,https://gadebate.un.org/en/81/romania
2026,81,RUS,Russian Federation,Sergey Lavrov,Minister for Foreign Affairs,2026-09-26,,yes,https://gadebate.un.org/en/81/russian-federation
2026,81,RWA,Rwanda,Justin Nsengiyumva,Prime Minister,2026-09-23,,yes,https://gadebate.un.org/en/81/rwanda
2026,81,SAU,Saudi Arabia,Prince Faisal bin Farhan Al Saud,Minister for Foreign Affairs,2026-09-26,,yes,https://gadebate.un.org/en/81/saudi-arabia
2026,81,SDN,Sudan,Mohieldin Salim Ahmed Ibrahim,Minister for Foreign Affairs,2026-09-28,,yes,https://gadebate.un.org/en/81/sudan
2026,81,SEN,Senegal,Bassirou Diomaye Diakhar Faye,President,2026-09-24,,yes,https://gadebate.un.org/en/81/senegal
2026,81,SGP,Singapore,Vivian Balakrishnan,Minister for Foreign Affairs,2026-09-26,,yes,https://gadebate.un.org/en/81/singapore
2026,81,SLB,Solomon Islands,Matthew Cooper Wale,Prime Minister,2026-09-25,,yes,https://gadebate.un.org/en/81/solomon-islands
2026,81,SLE,Sierra Leone,Julius Maada Bio,President,2026-09-22,,yes,https://gadebate.un.org/en/81/sierra-leone
2026,81,SLV,El Salvador,Alexandra Hill Tinoco,Minister for Foreign Affairs,2026-09-28,,yes,https://gadebate.un.org/en/81/el-salvador
2026,81,SMR,San Marino,Luca Beccari,"Minister for Foreign Affairs, Political Affairs, International Economic Cooperation and Digital Transition",2026-09-26,,yes,https://gadebate.un.org/en/81/san-marino
2026,81,SOM,Somalia,Hassan Sheikh Mohamud,President,2026-09-24,,yes,https://gadebate.un.org/en/81/somalia
2026,81,SRB,Serbia,Aleksandar Vučić,President,2026-09-23,,yes,https://gadebate.un.org/en/81/serbia
2026,81,SSD,South Sudan,Cecilia Adout Majok Adeng,Permanent Representative to the United Nations,2026-09-28,,yes,https://gadebate.un.org/en/81/south-sudan
2026,81,STP,Sao Tome and Principe,Ilza Maria dos Santos Amado Vaz,"Minister of State and for Foreign Affairs, Cooperation and Communities",2026-09-26,,yes,https://gadebate.un.org/en/81/sao-tome-and-principe
2026,81,SUR,Suriname,Jennifer Geerlings-Simons,President,2026-09-22,,yes,https://gadebate.un.org/en/81/suriname
2026,81,SVK,Slovakia,Peter Pellegrini,President,2026-09-23,,yes,https://gadebate.un.org/en/81/slovakia
2026,81,SVN,Slovenia,Janez Janša,Prime Minister,2026-09-24,,yes,https://gadebate.un.org/en/81/slovenia
2026,81,SWE,Sweden,Maria Malmer Stenergard,Minister for Foreign Affairs,2026-09-25,,yes,https://gadebate.un.org/en/81/sweden
2026,81,SWZ,Eswatini,King Mswati III,Head of State,2026-09-23,,yes,https://gadebate.un.org/en/81/eswatini
2026,81,SYC,Seychelles,Mathew Antonio Patrick Herminie,President,2026-09-22,,yes,https://gadebate.un.org/en/81/seychelles
2026,81,SYR,Syrian Arab Republic,Ahmad Al-Sharaa,President,2026-09-23,,yes,https://gadebate.un.org/en/81/syrian-arab-republic
2026,81,TCD,Chad,Abdelmadjid Abdelrahim Mahamat,Minister of Public Health and Prevention,2026-09-25,,yes,https://gadebate.un.org/en/81/chad
2026,81,TGO,Togo,Robert Komlan Edo Dussey,"Minister of Foreign Affairs, Regional Integration, and Togolese Abroad",2026-09-25,,yes,https://gadebate.un.org/en/81/togo
2026,81,THA,Thailand,Anutin Charnvirakul,Prime Minister,2026-09-24,,yes,https://gadebate.un.org/en/81/thailand
2026,81,TJK,Tajikistan,Sirojiddin Muhriddin,Minister for Foreign Affairs,2026-09-26,,yes,https://gadebate.un.org/en/81/tajikistan
2026,81,TKM,Turkmenistan,Vepa Hajiyev,Permanent Representative to the United Nations,2026-09-28,,yes,https://gadebate.un.org/en/81/turkmenistan
2026,81,TLS,Timor-Leste,José Ramos-Horta,President,2026-09-23,,yes,https://gadebate.un.org/en/81/timor-leste
2026,81,TON,Tonga,Lord Fakafanua,Prime Minister,2026-09-25,,yes,https://gadebate.un.org/en/81/tonga
2026,81,TTO,Trinidad and Tobago,Kamla Persad-Bissessar,Prime Minister,2026-09-22,,yes,https://gadebate.un.org/en/81/trinidad-and-tobago
2026,81,TUN,Tunisia,Mohamed Ali Nafti,"Minister of Foreign Affairs, Migration and Tunisians abroad",2026-09-26,,yes,https://gadebate.un.org/en/81/tunisia
2026,81,TUR,Türkiye,Recep Tayyip Erdoğan,President,2026-09-22,,yes,https://gadebate.un.org/en/81/turkiye
2026,81,TUV,Tuvalu,Feleti Teo,Prime Minister,2026-09-25,,yes,https://gadebate.un.org/en/81/tuvalu
2026,81,TZA,United Republic of Tanzania,Deogratius Ndejembi,Vice President,2026-09-22,,yes,https://gadebate.un.org/en/81/united-republic-tanzania
2026,81,UGA,Uganda,Jessica Rose Epel Alupo,Vice President,2026-09-23,,yes,https://gadebate.un.org/en/81/uganda
2026,81,UKR,Ukraine,Volodymyr Zelenskyy,President,2026-09-23,,yes,https://gadebate.un.org/en/81/ukraine
2026,81,URY,Uruguay,Yamandú Orsi,President,2026-09-24,,yes,https://gadebate.un.org/en/81/uruguay
2026,81,USA,United States of America,Donald Trump,President,2026-09-22,,yes,https://gadebate.un.org/en/81/united-states-america
2026,81,UZB,Uzbekistan,Saida Mirziyoyeva,Head of Administration of the President,2026-09-23,,yes,https://gadebate.un.org/en/81/uzbekistan
2026,81,VAT,Holy See,Cardinal Pietro Parolin,Secretary of State,2026-09-26,,yes,https://gadebate.un.org/en/81/holy-see
2026,81,VCT,Saint Vincent and the Grenadines,Godwin Friday,Prime Minister,2026-09-25,,yes,https://gadebate.un.org/en/81/saint-vincent-and-grenadines
2026,81,VEN,Venezuela (Bolivarian Republic of),Delcy Eloína Rodríguez Gómez,Acting President,2026-09-23,,yes,https://gadebate.un.org/en/81/venezuela-bolivarian-republic
2026,81,VNM,Viet Nam,To Lam,President,2026-09-22,,yes,https://gadebate.un.org/en/81/viet-nam
2026,81,VUT,Vanuatu,Odo Tevi,Permanent Representative to the United Nations,2026-09-28,,yes,https://gadebate.un.org/en/81/vanuatu
2026,81,WSM,Samoa,Mulipola Anarosa Ale Molioo,Deputy Prime Minister,2026-09-25,,yes,https://gadebate.un.org/en/81/samoa
2026,81,YEM,Yemen,Abdullah Abdulkader Al Alimi-Bawzer,Vice President,2026-09-24,,yes,https://gadebate.un.org/en/81/yemen
2026,81,ZAF,South Africa,Ronald Ozzy Lamola,Minister for International Relations and Cooperation,2026-09-24,,yes,https://gadebate.un.org/en/81/south-africa
2026,81,ZMB,Zambia,Mulambo Hamakuni Haimbe,Minister for Foreign Affairs and International Cooperation,2026-09-26,,yes,https://gadebate.un.org/en/81/zambia
2026,81,ZWE,Zimbabwe,Emmerson Dambudzo Mnangagwa,President,2026-09-24,,yes,https://gadebate.un.org/en/81/zimbabwe
